Cycle,T10_R0,T10_R1,T10_R3,T25_R0,T25_R1,T25_R3,T40_R0,T40_R1,T40_R3
1,3.986978156,3.978511492,3.978565816,3.972675044,4.013873806,3.974445049,3.994656099,3.962039378,3.971545233
2,3.988460306,3.97742043,3.975824894,3.969222802,4.008502966,3.974801799,3.993686474,3.957513948,3.973134657
3,3.986812478,3.977651942,3.97741576,3.970812128,4.004922708,3.976393785,3.994182663,3.959100487,3.97452959
4,3.984473529,3.974995857,3.979006627,3.970737165,4.006530351,3.977985772,3.993424818,3.960184713,3.970985289
5,3.985505102,3.976587723,3.980487262,3.968371388,4.008137995,3.974739031,3.989889846,3.957766097,3.967317984
6,3.985516062,3.973345253,3.977996894,3.966678616,4.009745638,3.976331017,3.987759577,3.959031654,3.963250141
7,3.980305276,3.973235878,3.974639633,3.965200218,4.010745312,3.977923003,3.985034294,3.955238429,3.964839565
8,3.977335702,3.971492836,3.972266377,3.960741176,4.00294647,3.976769315,3.98327037,3.956827226,3.96642899
9,3.977927213,3.969601808,3.972705144,3.962330501,4.001940442,3.972491828,3.979380576,3.951993959,3.966235502
10,3.972145677,3.971193675,3.966317103,3.96117481,4.003548085,3.971877729,3.980978208,3.947825775,3.966274801
11,3.971856807,3.96515933,3.96790797,3.962764135,4.002617862,3.97223746,3.976978034,3.939844381,3.96711974
12,3.97345609,3.966751197,3.968402834,3.958416813,3.999073933,3.970061159,3.973309229,3.941433178,3.968709164
13,3.968885435,3.968343063,3.9699937,3.958062377,3.996747572,3.970183185,3.97073484,3.943021975,3.965489995
14,3.969507839,3.969445961,3.971584567,3.955605244,3.997361308,3.96527911,3.969588998,3.941805306,3.967079419
15,3.969616637,3.968115896,3.966678766,3.957194569,3.996777791,3.961132453,3.965027438,3.942001646,3.960304562
16,3.96723387,3.966960376,3.968269633,3.958783895,3.994919479,3.962724439,3.962788156,3.935429709,3.957678336
17,3.968833153,3.964690834,3.969860499,3.955653804,3.989578599,3.964316425,3.96295595,3.937018506,3.95926776
18,3.970432436,3.961677895,3.968144769,3.956885309,3.991186242,3.960577749,3.957610338,3.933534645,3.954146949
19,3.972031719,3.958728937,3.962248358,3.94989598,3.992793885,3.962169735,3.954360698,3.935123442,3.949708371
20,3.972882916,3.960320803,3.959641965,3.951485305,3.99333228,3.962807388,3.952822929,3.930534444,3.951297795
21,3.968294356,3.956458966,3.961232832,3.943473294,3.993963183,3.960635074,3.949541388,3.926660047,3.950072737
22,3.967694528,3.958050833,3.960711816,3.94506262,3.995570826,3.957194867,3.944207121,3.927058745,3.949806851
23,3.966211464,3.954886122,3.962302682,3.944067059,3.993505166,3.957221804,3.939854823,3.928647542,3.94833607
24,3.966746561,3.956477988,3.954541335,3.944039897,3.995112809,3.95881379,3.938081937,3.927073543,3.94531467
25,3.968345844,3.952920871,3.952431016,3.941362937,3.990808908,3.958650398,3.939113198,3.925358142,3.940687056
26,3.962563418,3.952482263,3.953069121,3.942290947,3.992416551,3.957709429,3.933693443,3.926946939,3.939433434
27,3.964162701,3.950885668,3.954236562,3.940631239,3.989561762,3.95825299,3.935233855,3.921263624,3.937038339
28,3.960762138,3.95010812,3.955827429,3.942220565,3.986054975,3.959133296,3.929528988,3.921594388,3.938627763
29,3.960132352,3.949351798,3.947835478,3.943587772,3.982347134,3.958488887,3.931126619,3.915805296,3.937884305
30,3.960650271,3.946663925,3.943900337,3.941348026,3.983954777,3.956186641,3.927635529,3.917394093,3.936786888
31,3.951586284,3.940813805,3.944224764,3.936041459,3.98556242,3.95773736,3.923006562,3.918982891,3.931738385
32,3.953185567,3.942405672,3.944685102,3.937630785,3.985255111,3.952393004,3.923312397,3.915466706,3.933016771
33,3.951948494,3.939174546,3.945571352,3.932319755,3.986862754,3.95398499,3.919791835,3.917055503,3.934606195
34,3.948945674,3.938379104,3.943179626,3.933909081,3.988470397,3.951429234,3.918788859,3.916038458,3.932338991
35,3.950544957,3.93324657,3.938527951,3.931199171,3.99007804,3.946670152,3.918169906,3.917627255,3.929325993
36,3.9505977,3.934838436,3.940118818,3.923570738,3.984150637,3.945959001,3.913766285,3.915733347,3.92578519
37,3.946331427,3.934047398,3.934037512,3.925160064,3.980912042,3.94223887,3.91108159,3.91136703,3.927374614
38,3.943922186,3.933979423,3.934992326,3.926749389,3.982519685,3.941658362,3.90854532,3.908648239,3.928964038
39,3.940458708,3.933794204,3.930843667,3.9280115,3.984127328,3.939702815,3.904344753,3.908216094,3.930553463
40,3.932359575,3.933949795,3.932434534,3.922025256,3.985279305,3.93535047,3.903521837,3.906233165,3.930868898
41,3.933958858,3.925917679,3.933315532,3.923614582,3.97743595,3.936942456,3.905119469,3.907821963,3.927926629
42,3.935558141,3.919338933,3.930277177,3.922710217,3.977555807,3.931988503,3.899261325,3.90941076,3.924574135
43,3.937157424,3.9209308,3.931868044,3.921936118,3.970848152,3.933464901,3.900858957,3.904993651,3.925463283
44,3.933869845,3.922522666,3.93114065,3.923525444,3.969855164,3.935056887,3.899501615,3.901629479,3.922442772
45,3.935469128,3.924114532,3.926961325,3.925114769,3.971462807,3.926875215,3.898673745,3.901231609,3.919784665
46,3.931049285,3.925706399,3.923458968,3.922811607,3.97307045,3.928467201,3.896053812,3.895386897,3.92059748
47,3.932648568,3.927298265,3.919102506,3.923028767,3.97427204,3.929453737,3.894791505,3.896389717,3.92006928
48,3.933870308,3.928890132,3.918683094,3.917574349,3.975879683,3.931045723,3.890140609,3.893179431,3.921658704
49,3.929438203,3.928272503,3.915374052,3.919163675,3.972502352,3.928363745,3.891738241,3.893433685,3.913554759
50,3.931037486,3.923189415,3.910695783,3.920147843,3.971387632,3.922172947,3.893014836,3.894413503,3.915144183
51,3.932411794,3.921721507,3.910773469,3.91118423,3.972405307,3.922104665,3.884537406,3.893772955,3.916733607
52,3.924407091,3.919630298,3.912364336,3.912773556,3.966667536,3.920016199,3.886135038,3.890567924,3.914647126
53,3.926006374,3.915272159,3.9095864,3.911285666,3.961015302,3.914772951,3.881825075,3.89007818,3.915827863
54,3.926382097,3.91423667,3.910525959,3.912211232,3.962622945,3.909442313,3.883422706,3.886516248,3.910879086
55,3.92489363,3.905950036,3.911693233,3.9077083,3.96408951,3.911034299,3.882060199,3.888105045,3.91246851
56,3.92007424,3.907327508,3.9132841,3.909171397,3.961823771,3.908929809,3.879132961,3.885832063,3.911344946
57,3.921673523,3.902397342,3.912227576,3.902112081,3.959818557,3.902593952,3.875123832,3.882484515,3.908801855
58,3.923272806,3.902929866,3.908771228,3.903701407,3.957725534,3.904185938,3.867128539,3.88247893,3.903903914
59,3.915998226,3.893530738,3.905986414,3.901748725,3.959333177,3.901449868,3.863098497,3.880099795,3.900505962
60,3.917597509,3.893834875,3.90363844,3.903338051,3.959306237,3.90205352,3.864696128,3.881053188,3.902095386
61,3.919196792,3.89358772,3.905229307,3.900740002,3.955239428,3.903645507,3.86629376,3.877195319,3.90368481
62,3.911644543,3.88957156,3.906820173,3.897756645,3.956847071,3.898108034,3.859531847,3.87686087,3.903143987
63,3.911969756,3.886268667,3.906433434,3.896133476,3.956041053,3.897010643,3.861129479,3.877189507,3.904733412
64,3.910730009,3.879878746,3.901521231,3.896584419,3.95482751,3.897368408,3.859688315,3.864910142,3.89702547
65,3.910967036,3.880175478,3.901050445,3.894456714,3.956435153,3.894108008,3.858345718,3.866498939,3.898614894
66,3.912566319,3.875681654,3.898782638,3.895274828,3.95141584,3.895699994,3.858251995,3.866364254,3.895914795
67,3.911605699,3.874828883,3.900373505,3.896864154,3.952521504,3.890769894,3.856891204,3.867370989,3.897504219
68,3.912474518,3.873384322,3.896236153,3.89845348,3.949187441,3.89126295,3.858488836,3.863749223,3.890819943
69,3.910002701,3.874976188,3.89782702,3.894153789,3.948512131,3.889080218,3.853784304,3.856955382,3.889066616
70,3.911601984,3.876556123,3.899417886,3.89465903,3.945383892,3.888606538,3.85362261,3.85854418,3.89065604
71,3.908381934,3.871694831,3.89262177,3.893302638,3.946991535,3.890198525,3.855220242,3.855295656,3.882151679
72,3.90618839,3.868309049,3.894212637,3.889699077,3.948599178,3.891790511,3.854194055,3.851494897,3.883741103
73,3.906178308,3.867354617,3.895803503,3.890912334,3.950206821,3.8904466,3.843024403,3.852003513,3.882098354
74,3.901534504,3.868946483,3.887516686,3.890755911,3.949476645,3.890152163,3.844622035,3.85004179,3.882925706
75,3.895197129,3.867879659,3.883862574,3.890288345,3.949367751,3.89102815,3.842539501,3.844593826,3.877100322
76,3.896796412,3.869471525,3.885453441,3.889181628,3.945099392,3.891215918,3.844137133,3.844947943,3.878689746
77,3.896438906,3.871063392,3.887044307,3.889008389,3.946147044,3.886686426,3.83899848,3.84653674,3.875603765
78,3.888950154,3.872655258,3.883813713,3.885288864,3.946228716,3.888278412,3.840596112,3.843918334,3.877193189
79,3.890549437,3.865390044,3.884659238,3.8836753,3.943894341,3.889870398,3.842193743,3.83855375,3.878782613
80,3.89214872,3.86698191,3.882031084,3.882905241,3.943977226,3.881802283,3.837986594,3.840142548,3.876972881
81,3.893748003,3.863563664,3.880666123,3.880903866,3.942474432,3.880301145,3.832685582,3.832238196,3.873133908
82,3.890754474,3.861307649,3.881942112,3.878883985,3.930370933,3.88132116,3.832028055,3.833751005,3.874235147
83,3.882488173,3.860265783,3.881726203,3.876655955,3.931436583,3.881693504,3.833112684,3.828739466,3.867367166
84,3.884087456,3.855558861,3.87610815,3.878245281,3.932438616,3.882676603,3.824670507,3.82500675,3.868956591
85,3.885686739,3.857150727,3.877699017,3.87634482,3.926466685,3.88102484,3.821085947,3.826037048,3.868923016
86,3.884908067,3.856038854,3.879289883,3.867264979,3.925152112,3.882030665,3.819189626,3.822115092,3.87016689
87,3.879811549,3.853654267,3.871307738,3.868854305,3.926759755,3.883622651,3.819918452,3.823703889,3.868206794
88,3.880521477,3.855246134,3.872898605,3.868168171,3.928367399,3.883816289,3.815718301,3.825067934,3.866636069
89,3.877714572,3.855738594,3.874489471,3.86672997,3.927554554,3.881346842,3.816099685,3.820423101,3.861995369
90,3.876250054,3.854394126,3.87225295,3.864571655,3.926138005,3.878068013,3.808299239,3.813026961,3.85893899
91,3.871201886,3.853933766,3.865200379,3.864597002,3.927745648,3.875522352,3.80989687,3.814615758,3.857259123
92,3.872801169,3.855525632,3.866791245,3.865655721,3.926890297,3.87263651,3.811489949,3.813775612,3.853294809
93,3.866600702,3.852419154,3.868382112,3.862953554,3.925122961,3.873470784,3.81308758,3.809032184,3.854486699
94,3.868199985,3.847924252,3.869972978,3.864542879,3.922523504,3.871018175,3.803144346,3.803079373,3.856076124
95,3.86572301,3.847423803,3.865552557,3.866132205,3.924131147,3.870008433,3.804618824,3.804665256,3.85363356
96,3.867322293,3.844144677,3.860847624,3.866517853,3.921808467,3.867325748,3.806216456,3.806254053,3.850614774
97,3.864839389,3.840808219,3.862438491,3.863264985,3.916184599,3.86440555,3.802798671,3.80403179,3.843132317
98,3.866438672,3.842400085,3.864029357,3.859356007,3.917792242,3.865997537,3.794637677,3.803344534,3.843751326
99,3.864726052,3.843991951,3.863563289,3.855811117,3.918415377,3.867589523,3.793330281,3.796549288,3.840785534
100,3.866191035,3.845583818,3.856289525,3.854627457,3.916124864,3.86673474,3.783977679,3.798138085,3.841143714
101,3.859773349,3.836475655,3.854560631,3.853693527,3.9092035,3.866835046,3.785553606,3.798248062,3.841032186
102,3.861372632,3.838067521,3.850996641,3.853232656,3.910811143,3.863308914,3.787151238,3.795491784,3.836397064
103,3.856717092,3.839659387,3.852587507,3.847923625,3.909596656,3.852863076,3.780817808,3.793921648,3.837986489
104,3.858129111,3.840936103,3.849655497,3.847482461,3.909168754,3.854455062,3.782415439,3.791896258,3.835292305
105,3.859728394,3.833494228,3.849654221,3.849071787,3.904033387,3.856047048,3.78248451,3.789267185,3.835347798
106,3.853187648,3.831756704,3.848000872,3.850661112,3.90564103,3.857639034,3.781898305,3.788601497,3.835472145
107,3.854786931,3.83334857,3.845761176,3.852250438,3.907248673,3.855911037,3.776831015,3.781981909,3.830378832
108,3.854064555,3.834940437,3.844630282,3.848633546,3.907210147,3.857503023,3.778428647,3.77438738,3.831349555
109,3.853043055,3.832615176,3.845336764,3.844463854,3.904537495,3.85803536,3.775788588,3.775976177,3.827992611
110,3.854642338,3.827047601,3.846382553,3.84605318,3.904494052,3.856726073,3.772481232,3.777404836,3.827126073
111,3.855792879,3.826463249,3.83459202,3.846065941,3.906101695,3.855645307,3.768483421,3.77390071,3.824870457
112,3.850353414,3.828055115,3.836182886,3.843161387,3.902229527,3.853001207,3.764504457,3.775489507,3.817198545
113,3.849059932,3.822584566,3.837773753,3.836924702,3.897610091,3.851994111,3.763983334,3.777078304,3.814437059
114,3.846245172,3.824176433,3.838306397,3.838259061,3.899217734,3.852292795,3.765580965,3.776067358,3.816026484
115,3.842582237,3.822785105,3.831817658,3.839214563,3.900690331,3.853884781,3.756922079,3.771848474,3.814100867
116,3.842501382,3.818288639,3.83312748,3.835421503,3.896481515,3.855476768,3.758519711,3.765944066,3.814897302
117,3.837643963,3.819880505,3.828041527,3.831003929,3.898089158,3.857057767,3.75984134,3.767532863,3.811344641
118,3.839243246,3.819376975,3.828201971,3.831405061,3.899180268,3.854108188,3.749377495,3.764373678,3.810672145
119,3.837381702,3.818292969,3.827097998,3.831592457,3.899470786,3.853568237,3.74903546,3.753165877,3.808658098
120,3.838980985,3.819884835,3.828688865,3.826543687,3.896540296,3.854505346,3.743930414,3.754754674,3.807798272
121,3.836558602,3.816898644,3.828061053,3.825244903,3.891755295,3.853681269,3.743655989,3.756343472,3.806887692
122,3.829961934,3.813064018,3.828049437,3.826101178,3.888763683,3.849799836,3.736076013,3.753592681,3.803812931
123,3.830862213,3.807988352,3.829640303,3.82194079,3.887885726,3.851391822,3.737673645,3.747284518,3.803800906
124,3.829547169,3.809580219,3.826199457,3.823530116,3.886697976,3.852020676,3.737958778,3.747751877,3.796567384
125,3.825911388,3.807979837,3.827790323,3.825119442,3.883369926,3.849916116,3.727207861,3.74149398,3.798156808
126,3.824700184,3.809571704,3.828245442,3.821487342,3.884977569,3.851508102,3.724948507,3.741468862,3.796773402
127,3.824984315,3.803176114,3.825321095,3.823076667,3.882385474,3.85115977,3.722146653,3.737766884,3.798362826
128,3.825360057,3.80476798,3.822176009,3.823168299,3.877711017,3.850077308,3.723744285,3.739355682,3.795185787
129,3.823858348,3.804105154,3.820699431,3.818019304,3.87875841,3.846108395,3.71935138,3.740483145,3.795470381
130,3.815885193,3.803134756,3.821684096,3.816182787,3.877544258,3.847700381,3.71394963,3.736615547,3.790100782
131,3.817484476,3.800863867,3.823274962,3.817772113,3.879151901,3.842413242,3.710799327,3.733051513,3.791465453
132,3.816327912,3.798101235,3.821713334,3.818740814,3.876708696,3.841472038,3.712396958,3.723281409,3.788136144
133,3.816989301,3.795819873,3.816340395,3.82033014,3.873852464,3.841643422,3.71082429,3.724870206,3.787667342
134,3.818420393,3.789566903,3.813266711,3.81221635,3.875460107,3.841042191,3.702008341,3.726166963,3.778045493
135,3.815565233,3.791158769,3.814857577,3.812117612,3.869674838,3.835620173,3.702354127,3.720139105,3.77457781
136,3.810564828,3.792276125,3.816448444,3.813706938,3.86491528,3.837212159,3.702315324,3.720933232,3.776167235
137,3.804344061,3.78788056,3.813262127,3.809899406,3.866522923,3.831331402,3.695738025,3.72252203,3.777756659
138,3.802109955,3.786303068,3.806950772,3.811488731,3.860809778,3.82534228,3.696982388,3.714038179,3.775608833
139,3.803709238,3.784916381,3.808541639,3.808007882,3.862417421,3.826934266,3.693539098,3.711928896,3.773576499
140,3.798553885,3.782478356,3.801274401,3.809597207,3.864025064,3.828526252,3.69513673,3.705002552,3.771234719
141,3.800153168,3.784070222,3.802865267,3.810515931,3.86522735,3.830118238,3.693495796,3.704303051,3.767740802
142,3.801752451,3.78563656,3.804456134,3.811184995,3.863983041,3.827446457,3.689364968,3.704084749,3.769330226
143,3.803208984,3.779384591,3.804858087,3.812168617,3.860739775,3.829038443,3.684319089,3.702273936,3.769483002
144,3.796132862,3.780976458,3.803513354,3.804601089,3.860613631,3.827453251,3.685258097,3.701876499,3.763313164
145,3.797732145,3.775804812,3.799081691,3.806190414,3.855498122,3.829045237,3.681337016,3.700283045,3.764902588
146,3.790096136,3.777396678,3.800672558,3.80777974,3.85701183,3.817533512,3.682934648,3.701871843,3.763062995
147,3.791695419,3.76651518,3.802263424,3.80367626,3.855886307,3.819125498,3.674798655,3.696475238,3.756555009
148,3.791249865,3.768107046,3.802817834,3.80372374,3.85749395,3.820717484,3.672167049,3.691063723,3.758144434
149,3.785541434,3.769698912,3.8044087,3.797375007,3.859101593,3.813192419,3.670326944,3.692652521,3.754346817
150,3.782220434,3.764449968,3.803930471,3.798964333,3.856763287,3.814784405,3.671924576,3.694241318,3.752278909
151,3.778795907,3.765354394,3.796086143,3.800553658,3.85837093,3.815968218,3.671254583,3.690471654,3.749291947
152,3.778667372,3.764700565,3.795314569,3.799192485,3.859978573,3.810856224,3.668765686,3.687658304,3.750881371
153,3.780266655,3.763761596,3.78893537,3.795878251,3.857265692,3.81244821,3.661067978,3.686544571,3.748784667
154,3.781865938,3.761345604,3.790526236,3.791752275,3.856523824,3.814040196,3.659327941,3.688133368,3.7479801
155,3.778304619,3.76293747,3.792117103,3.786427513,3.854576997,3.809518425,3.656561527,3.683772458,3.739537439
156,3.774230296,3.762710969,3.792535572,3.788016839,3.855139456,3.811110411,3.658159158,3.677053182,3.738764914
157,3.775829579,3.761009795,3.788879356,3.786809141,3.854881959,3.807953103,3.655867509,3.678641979,3.735506366
158,3.77065736,3.759744201,3.786708907,3.785279914,3.855542338,3.806417709,3.651358344,3.678288164,3.727748183
159,3.768078733,3.757713413,3.780664143,3.78686924,3.851806039,3.808009696,3.652028449,3.67238526,3.723458903
160,3.763626429,3.75930528,3.774761456,3.788458566,3.84670515,3.805248313,3.64376633,3.673974057,3.725048327
161,3.759548938,3.758894523,3.774795127,3.785571181,3.845802419,3.806814341,3.645363962,3.668205109,3.726637752
162,3.75507767,3.759198774,3.773748145,3.785253252,3.847410062,3.805738875,3.641512203,3.669793907,3.72010431
163,3.756676953,3.75855654,3.775339011,3.776392375,3.849017705,3.7994573,3.634710077,3.671382704,3.718763716
164,3.758276236,3.756492114,3.770940499,3.777981701,3.8451994,3.791056862,3.636307708,3.669026996,3.718473638
165,3.755925495,3.756470242,3.772531366,3.772714649,3.846807043,3.792648848,3.63790534,3.667539777,3.716986039
166,3.750893214,3.751243048,3.763995011,3.773352814,3.848414686,3.794240834,3.637690151,3.659597035,3.715555432
167,3.748976123,3.751697909,3.765585877,3.772023675,3.850022329,3.79583282,3.636826193,3.661137535,3.717144856
168,3.750575406,3.746561602,3.763116614,3.772460846,3.851075196,3.797424806,3.632620951,3.651779537,3.708986517
169,3.752174689,3.746419833,3.764707481,3.772490248,3.852682839,3.792971463,3.630117589,3.644826718,3.709337628
170,3.752315516,3.7480117,3.766298348,3.769588111,3.854290482,3.794563449,3.627702779,3.642033626,3.709828006
171,3.752634667,3.749603566,3.767889214,3.768717017,3.845247296,3.790434687,3.628920765,3.64096889,3.704055328
172,3.748559037,3.751195433,3.760340645,3.767056066,3.84383144,3.792026673,3.623949372,3.642557687,3.699673289
173,3.749569569,3.750328734,3.761931511,3.766956762,3.845439083,3.790912258,3.622620635,3.638927927,3.698330168
174,3.739452698,3.744877905,3.763279024,3.766764789,3.847031654,3.792504245,3.621691155,3.631612739,3.698493915
175,3.741051981,3.744074051,3.758592201,3.763091834,3.840888015,3.791156471,3.617511779,3.628484456,3.688563968
176,3.738606905,3.745501461,3.755551806,3.761471863,3.842229161,3.792748457,3.617669719,3.624923275,3.690153393
177,3.737479626,3.739469715,3.757142673,3.758395175,3.838029376,3.792443694,3.617504664,3.626512072,3.691742817
178,3.738621601,3.739408534,3.758733539,3.75505084,3.839637019,3.786330017,3.614389791,3.62810087,3.693332241
179,3.733824615,3.737387328,3.760324406,3.754219286,3.837290543,3.787922003,3.60589136,3.629689667,3.68603655
180,3.735423898,3.729835245,3.761543218,3.752153564,3.837166419,3.785109329,3.604937822,3.626002699,3.685556723
181,3.737023181,3.731427111,3.757341453,3.75374289,3.838774062,3.785847366,3.605233785,3.624498657,3.684008139
182,3.729949728,3.733018977,3.754719481,3.755332216,3.837344263,3.782540576,3.60444937,3.621551613,3.685597564
183,3.729984693,3.723624776,3.756310348,3.756921541,3.838951906,3.783208608,3.602457178,3.617808743,3.6782588
184,3.730711475,3.725216642,3.757663712,3.756277045,3.834182699,3.776618474,3.59969526,3.61939754,3.676217555
185,3.728548104,3.721635745,3.758369764,3.757866371,3.835163066,3.774758963,3.597702808,3.612841618,3.670064498
186,3.722063793,3.721599123,3.748740604,3.756077799,3.831744912,3.776350949,3.594596142,3.614430416,3.665227062
187,3.717365361,3.719514428,3.750331471,3.757589976,3.828697942,3.7768239,3.592354821,3.60893282,3.666816487
188,3.717920819,3.714141965,3.751922337,3.757854863,3.825959847,3.778415886,3.589987955,3.600423089,3.667193078
189,3.718411161,3.715733832,3.747859519,3.757590838,3.82487821,3.778321665,3.585068207,3.602011887,3.658243186
190,3.719330017,3.711583892,3.747016218,3.749601614,3.820214613,3.774216133,3.582162122,3.599066648,3.653569497
191,3.716154117,3.712088281,3.744334069,3.75119094,3.821822257,3.77580812,3.582622311,3.59708632,3.655158921
192,3.7177534,3.710163156,3.743415075,3.75242193,3.8234299,3.766123734,3.57317349,3.598675117,3.656748345
193,3.71875548,3.707556497,3.73827507,3.74803115,3.820603023,3.76771572,3.572994242,3.600263915,3.654275719
194,3.71331063,3.704942429,3.738068636,3.748162166,3.822210666,3.769307706,3.571036772,3.594641648,3.648981397
195,3.7119218,3.70087502,3.734975981,3.745712274,3.818485656,3.768663712,3.563035709,3.592694681,3.647839311
196,3.711203211,3.701808081,3.73220548,3.742913846,3.815187548,3.768793217,3.562071167,3.590833103,3.646959285
197,3.707800374,3.700711077,3.733796346,3.738524284,3.81546675,3.766987905,3.555908635,3.587110559,3.643463227
198,3.703408692,3.702302943,3.733894415,3.732251638,3.817074393,3.766466158,3.553568396,3.5754276,3.636840959
199,3.705007975,3.699374244,3.725624088,3.733840964,3.814019947,3.765189458,3.552175365,3.577016398,3.630748061
200,3.70368964,3.700779469,3.727214955,3.731818283,3.811444202,3.766781444,3.545657044,3.578464407,3.630888766
201,3.701402746,3.700111955,3.726856288,3.731920739,3.813051845,3.768171596,3.541857274,3.570270228,3.63247819
202,3.695267876,3.695390823,3.72399268,3.728168744,3.810662258,3.762673844,3.53921127,3.57135811,3.634067614
203,3.696866596,3.696982689,3.72068341,3.727075526,3.806497996,3.75432214,3.537668393,3.568768614,3.627608488
204,3.698465879,3.688354096,3.721900423,3.726728262,3.806510891,3.755914126,3.531770651,3.570357411,3.629197912
205,3.689432925,3.687313521,3.722842263,3.725019342,3.801,3.757506112,3.522863783,3.55917795,3.630787337
206,3.683476089,3.682198037,3.723616331,3.722883434,3.802607643,3.756553544,3.524461414,3.557184512,3.614767745
207,3.685075372,3.682454796,3.722792456,3.72447276,3.804215286,3.758038895,3.518138323,3.556768554,3.616357169
208,3.685152996,3.680912049,3.717657454,3.722536134,3.802717056,3.752980193,3.519651869,3.557936568,3.614195657
209,3.678071156,3.682503916,3.714810402,3.719280157,3.804324699,3.754572179,3.515700285,3.553416619,3.615622232
210,3.677617015,3.684095782,3.714074442,3.71884557,3.796488885,3.753898482,3.513853842,3.553882865,3.610931307
211,3.672030341,3.685216749,3.711264968,3.71734519,3.791564245,3.747827138,3.508369515,3.544942254,3.604024266
212,3.671486039,3.677123086,3.70986515,3.718179158,3.793171888,3.748520217,3.501330049,3.542873614,3.603169509
213,3.668216834,3.678714952,3.704275577,3.713487135,3.794779531,3.746787172,3.500612369,3.538953459,3.598989353
214,3.668617414,3.67553634,3.705866444,3.713702185,3.794398567,3.746417411,3.498657007,3.540542256,3.596077343
215,3.660768296,3.677128206,3.704576733,3.713884739,3.79600621,3.748009397,3.49474583,3.53483747,3.589776904
216,3.662367579,3.670684915,3.706106399,3.715474065,3.797613853,3.74199707,3.489604241,3.536426268,3.589536482
217,3.663966862,3.666728954,3.702946864,3.707341707,3.794856082,3.737439981,3.489104259,3.538015065,3.585291729
218,3.658375195,3.668320821,3.70453773,3.708931032,3.78636405,3.73668168,3.489326211,3.535923903,3.586881154
219,3.658449759,3.663642192,3.698381729,3.703871053,3.787971693,3.738273666,3.483959159,3.527242498,3.586968753
220,3.652234868,3.665234058,3.699972595,3.705460379,3.789579336,3.739865652,3.48555679,3.51834252,3.582487093
221,3.653834151,3.659589001,3.699585853,3.703563188,3.789557417,3.741457638,3.487154422,3.517264325,3.579771182
222,3.655433434,3.652159088,3.700122244,3.705152513,3.785705883,3.733697815,3.484816106,3.515061809,3.575427798
223,3.655526241,3.653750954,3.700362315,3.705877555,3.779709538,3.732507339,3.477065903,3.516650607,3.569369235
224,3.650871901,3.643338215,3.694783866,3.70324028,3.781317181,3.72961166,3.474983505,3.513145271,3.565065758
225,3.649190875,3.644930081,3.696374732,3.701198671,3.782924824,3.731203646,3.470364038,3.504767515,3.564990072
226,3.642061001,3.643755745,3.692568726,3.701620273,3.779642708,3.731855068,3.471961669,3.505392171,3.566579496
227,3.638015092,3.645347611,3.691727454,3.703209598,3.778720956,3.72952516,3.473559301,3.506514484,3.548634959
228,3.636501286,3.641376142,3.691415132,3.694730939,3.7803286,3.729749301,3.462676627,3.506653035,3.550224383
229,3.638100569,3.63820345,3.687727489,3.689802649,3.7714338,3.726504046,3.464274259,3.508241833,3.551813807
230,3.639076429,3.639552035,3.687869894,3.691391975,3.769981813,3.728096032,3.458102043,3.506930964,3.550979481
231,3.639270884,3.641143901,3.684421977,3.692934913,3.770428126,3.729636381,3.458834936,3.49842471,3.552568906
232,3.634691325,3.642735767,3.682989241,3.688684321,3.762090012,3.725179667,3.452409607,3.500013508,3.551266891
233,3.636290608,3.636499783,3.681734344,3.689748614,3.763697655,3.720005727,3.45344134,3.500222138,3.547544626
234,3.635749931,3.638091649,3.67966775,3.688795207,3.765305298,3.720032958,3.44466893,3.496689614,3.542751984
235,3.637349214,3.629507997,3.678460407,3.686684926,3.76477213,3.721624944,3.438464644,3.491351465,3.543161365
236,3.631614334,3.631099864,3.676826948,3.683052091,3.764260926,3.723216931,3.437134573,3.487446431,3.541084026
237,3.6307362,3.630154582,3.672845643,3.677764891,3.765082032,3.724808917,3.438732204,3.476149531,3.535295245
238,3.631388119,3.621212468,3.672975875,3.679354216,3.760795513,3.714008471,3.42936947,3.476418237,3.529558334
239,3.629644294,3.615531374,3.671324405,3.67976016,3.757757114,3.715600458,3.430643182,3.469535293,3.530909582
240,3.626410579,3.61712324,3.664657812,3.681349486,3.756168746,3.715290823,3.426109147,3.459934341,3.523776524
241,3.628009862,3.618715106,3.666248679,3.677477023,3.75741409,3.716882809,3.427649602,3.461162387,3.52445546
242,3.625437891,3.617856133,3.663452146,3.679066348,3.749438857,3.713663827,3.422369673,3.450968327,3.516342735
243,3.627037174,3.617438729,3.665005569,3.678416946,3.745637691,3.712896841,3.419520514,3.449590707,3.517932159
244,3.617059019,3.618207588,3.66080203,3.671256508,3.747245334,3.712156868,3.417769796,3.443349416,3.51323544
245,3.615176048,3.61743907,3.656804045,3.672845834,3.747205891,3.711601895,3.411464439,3.444938214,3.511618884
246,3.616775331,3.615524419,3.657792681,3.67443516,3.741283929,3.713193881,3.401470355,3.440809855,3.512076502
247,3.613504242,3.608815243,3.653746191,3.673100804,3.741094329,3.711046165,3.403067987,3.440268103,3.505057127
248,3.611536095,3.604210155,3.651210411,3.67267079,3.741426247,3.708617758,3.401313374,3.430381132,3.505074718
249,3.612108395,3.604880089,3.651230017,3.671856884,3.739218468,3.710209744,3.398066228,3.430843967,3.495461163
250,3.613707678,3.603117231,3.647187597,3.66736741,3.740826111,3.71180173,3.391844898,3.428873023,3.494980595
251,3.615306961,3.600710665,3.646222239,3.668956736,3.737775592,3.701799906,3.385380882,3.43046182,3.4845516
252,3.610118096,3.590973334,3.638955138,3.670546061,3.739383235,3.703391893,3.386978514,3.415277492,3.486141024
253,3.60875631,3.5925652,3.640546005,3.672135387,3.736297592,3.704983879,3.382176021,3.416866289,3.483574023
254,3.609088599,3.594157066,3.636144411,3.671580386,3.737905235,3.706040127,3.381925407,3.413250176,3.482340292
255,3.609957166,3.595748933,3.637735278,3.670773734,3.733281294,3.699010394,3.378097613,3.409807554,3.483929716
256,3.601821133,3.583764953,3.6366732,3.669145276,3.727128624,3.697258217,3.373072615,3.405038911,3.475785466
257,3.600614474,3.58535682,3.628662936,3.668076619,3.728642464,3.69138257,3.367783477,3.400905294,3.471925395
258,3.598167421,3.580791936,3.630253802,3.667268879,3.721682192,3.692974556,3.369381109,3.402494091,3.473514819
259,3.599766704,3.576871323,3.626897795,3.665001712,3.723289835,3.689095476,3.366220305,3.397098535,3.475104244
260,3.593115245,3.575903651,3.625175943,3.66342266,3.724232724,3.6813985,3.360957377,3.394715425,3.476693668
261,3.590876596,3.574899309,3.624602068,3.655217649,3.722707252,3.682990486,3.362351213,3.391570439,3.474698658
262,3.590467231,3.575034501,3.615218458,3.656806975,3.724314895,3.684581181,3.359602492,3.390721784,3.471630249
263,3.580719145,3.568495876,3.616809325,3.655477497,3.722976982,3.686173167,3.358629625,3.390398919,3.467287848
264,3.582318428,3.569523393,3.618400191,3.654590072,3.724584625,3.682935924,3.34919171,3.385717886,3.461951013
265,3.576471359,3.568986163,3.619991058,3.656179398,3.716718023,3.68452791,3.349176344,3.382735722,3.463540437
266,3.576111132,3.568193238,3.621581925,3.652931025,3.716708645,3.681702314,3.349552336,3.38147776,3.465129862
267,3.577710415,3.566481819,3.622736755,3.652096818,3.71056538,3.6832943,3.346523758,3.383066558,3.460227606
268,3.579309698,3.568073685,3.622173199,3.65098036,3.712173023,3.684886286,3.348121389,3.370407642,3.458363619
269,3.576364629,3.568093822,3.620673195,3.652356648,3.713780666,3.683915505,3.344980614,3.37199644,3.453781344
270,3.572408707,3.569044872,3.610190571,3.650214909,3.714709525,3.685507491,3.338587855,3.369779397,3.451412278
271,3.5679717,3.56802025,3.61159433,3.648564903,3.710193436,3.679613245,3.335345704,3.371368194,3.445130502
272,3.566193755,3.569612116,3.609565736,3.642047692,3.711801079,3.678456339,3.326871334,3.372483928,3.440920517
273,3.562351822,3.566218842,3.611156603,3.643637018,3.712277844,3.67705953,3.328468966,3.364880073,3.434393728
274,3.563951105,3.567810709,3.605921196,3.644169262,3.708418151,3.678651516,3.327234563,3.361079615,3.435983152
275,3.56250695,3.563618322,3.607512063,3.638337326,3.706419696,3.679489869,3.32629845,3.360016182,3.435910369
276,3.564106233,3.565210189,3.606203503,3.639926651,3.703714367,3.67477889,3.324273801,3.354928896,3.428036086
277,3.555535192,3.561197578,3.605109495,3.63899772,3.701014752,3.676370876,3.317265082,3.35271085,3.428332262
278,3.557134475,3.555801624,3.601198467,3.636063717,3.702622395,3.672697538,3.317312843,3.348448388,3.422674889
279,3.558733758,3.55739349,3.597809364,3.629945427,3.704197512,3.667075487,3.316663972,3.343534015,3.417191258
280,3.557624996,3.558985357,3.596575295,3.627824391,3.705805155,3.668667473,3.302019473,3.343745513,3.416427096
281,3.559224279,3.558597547,3.594009177,3.628946031,3.701806543,3.666648377,3.303617104,3.338659186,3.408099342
282,3.556673363,3.55155643,3.593904693,3.62072827,3.702393618,3.667279172,3.299214557,3.340247983,3.409362461
283,3.551264646,3.551870649,3.595495559,3.620337338,3.704001261,3.663355141,3.300812189,3.337910098,3.407569956
284,3.552863929,3.553462515,3.589451722,3.619643024,3.704131103,3.662808925,3.294792377,3.329920269,3.406599275
285,3.552384891,3.552693452,3.587073282,3.614373666,3.705738746,3.657609697,3.296390009,3.329816062,3.408188699
286,3.544352174,3.547749253,3.587532059,3.614422581,3.699398905,3.659201683,3.297458745,3.331404859,3.404817479
287,3.545951457,3.549341119,3.584749203,3.606623682,3.701006548,3.660793669,3.288982274,3.330920333,3.399833576
288,3.543192864,3.546773817,3.586012952,3.602258348,3.696966784,3.662385656,3.290579906,3.33250913,3.392683375
289,3.535359427,3.545820218,3.581696452,3.603847674,3.697971725,3.656983219,3.290402869,3.323987906,3.394272799
290,3.53695871,3.544693955,3.583048156,3.603273942,3.697260782,3.648847107,3.282606113,3.325127972,3.391926817
291,3.537504247,3.543720596,3.584639023,3.596548142,3.698868425,3.650439093,3.283034263,3.319198379,3.393516241
292,3.536183828,3.537543655,3.586229889,3.592326929,3.694415436,3.652031079,3.277390559,3.318010472,3.388428841
293,3.529229775,3.530847989,3.584228216,3.591120095,3.694403135,3.652292919,3.268645827,3.31959927,3.390018266
294,3.523309415,3.530655581,3.584191155,3.592709421,3.696010778,3.651171183,3.269230297,3.314112964,3.378798663
295,3.524908698,3.532247447,3.582465633,3.591034479,3.691389286,3.647095084,3.267637187,3.304702466,3.380388087
296,3.522934698,3.533839314,3.580892387,3.589230163,3.692996929,3.646467223,3.268990962,3.298248938,3.381977512
297,3.520272906,3.533879387,3.580074291,3.590819489,3.691964832,3.646408405,3.270588593,3.297384564,3.377033846
298,3.521872189,3.527068835,3.575895661,3.586432435,3.687892219,3.643621467,3.260338726,3.298354365,3.376750069
299,3.518081821,3.528660701,3.576175343,3.58802176,3.689497554,3.644949408,3.259386862,3.28838018,3.372218427
300,3.515738279,3.530252568,3.574966022,3.587985584,3.683335885,3.646541394,3.258275065,3.289968977,3.365234659
301,3.513155616,3.528568545,3.572841254,3.586855624,3.684943528,3.64813338,3.257520807,3.28280207,3.366824084
302,3.511551323,3.52015644,3.571668817,3.587017278,3.685389423,3.641414839,3.243977249,3.284390868,3.368413508
303,3.51289027,3.521748306,3.570476209,3.588606603,3.681665811,3.642021309,3.245574881,3.278756758,3.365023256
304,3.511885328,3.521628642,3.56862444,3.590195929,3.676725409,3.638406448,3.235155032,3.273830138,3.363049798
305,3.506498596,3.519773577,3.566545934,3.591785255,3.678333052,3.635992521,3.229194934,3.275418936,3.357326951
306,3.508097879,3.518152146,3.560273133,3.59229748,3.675180417,3.631145149,3.225827985,3.272772809,3.354359074
307,3.502446617,3.515350991,3.561863999,3.589521629,3.67440039,3.632737135,3.218225977,3.274142413,3.354997922
308,3.500593921,3.499920525,3.555192112,3.588644736,3.666015173,3.627491971,3.219823608,3.270830417,3.356465311
309,3.49345392,3.501512391,3.556782978,3.583070625,3.662967162,3.629083957,3.217000875,3.272419214,3.345964231
310,3.485890485,3.503104258,3.549584281,3.580051884,3.661094357,3.622088637,3.211211094,3.264205624,3.347553656
311,3.487489768,3.501068915,3.546488239,3.58164121,3.662702,3.623680623,3.202376488,3.255495914,3.348653731
312,3.484563041,3.49855802,3.543993111,3.577688303,3.660991787,3.62527261,3.203974119,3.255512119,3.343215272
313,3.480820043,3.490882273,3.543940431,3.579277628,3.656331987,3.626761043,3.196164401,3.253687255,3.340399625
314,3.479265915,3.488022297,3.539929187,3.574412995,3.656639111,3.627908452,3.193324893,3.251278167,3.336460121
315,3.473751726,3.482935361,3.539632583,3.574338281,3.652238325,3.621947576,3.192463205,3.245713478,3.327268097
316,3.475351009,3.483270194,3.537601813,3.574166011,3.653845968,3.621281871,3.191177076,3.242191685,3.328857522
317,3.468250793,3.474186006,3.534257138,3.573911782,3.65118335,3.622873857,3.186823011,3.242599958,3.324319003
318,3.469850076,3.47529538,3.535848004,3.566883737,3.64540053,3.620687922,3.188420643,3.243787023,3.321047176
319,3.463362628,3.473665729,3.530370652,3.564734931,3.647008173,3.615347977,3.181740875,3.23934976,3.318150337
320,3.458538622,3.475257596,3.52898057,3.561535898,3.646525142,3.613904414,3.169503957,3.232380598,3.311283666
321,3.460137905,3.476849462,3.525832731,3.55401073,3.642810091,3.609141358,3.171101589,3.226025741,3.303133627
322,3.46037509,3.477770913,3.527423597,3.549788967,3.644417734,3.610733344,3.163490731,3.227614538,3.304723051
323,3.46188804,3.473558146,3.524119178,3.551378293,3.646025377,3.61232533,3.160391408,3.222049042,3.305369652
324,3.456353028,3.475150013,3.525710045,3.55168808,3.646435747,3.609014719,3.16004852,3.215536273,3.299173668
325,3.456062777,3.470724824,3.523935582,3.55286425,3.645855654,3.607220918,3.148581362,3.213994636,3.300763093
326,3.455314973,3.47231669,3.519388161,3.548465392,3.641494064,3.608798383,3.146426603,3.214913905,3.298486537
327,3.449255955,3.468507128,3.510462365,3.550054718,3.640255524,3.608270287,3.146853623,3.210387066,3.294703882
328,3.446575821,3.470098994,3.509489047,3.544287775,3.641863168,3.609862273,3.139075029,3.207169947,3.294476541
329,3.446779793,3.471690861,3.50110402,3.541158707,3.642625252,3.609153655,3.134125415,3.196296099,3.29425796
330,3.444783921,3.473138419,3.501139323,3.542748033,3.644232895,3.598508046,3.123300251,3.190774034,3.295847384
331,3.446383204,3.471252245,3.50084065,3.543382046,3.640984556,3.600100032,3.121514877,3.187732896,3.28561378
332,3.447982487,3.471837328,3.500912765,3.544971372,3.638649459,3.601442046,3.123112509,3.183038024,3.287203204
333,3.437399345,3.473429194,3.502503632,3.545084387,3.633970792,3.603034032,3.119659686,3.176605546,3.278732672
334,3.435423875,3.465193189,3.496909414,3.546040732,3.635578435,3.599070351,3.115445806,3.172211917,3.273548267
335,3.434572405,3.462700883,3.495369325,3.539932626,3.629347719,3.596634841,3.107581682,3.173800714,3.275137692
336,3.42339145,3.455145631,3.493885826,3.539419149,3.629001797,3.590830689,3.097942877,3.170695359,3.267378252
337,3.424990733,3.456737497,3.493137664,3.538962839,3.619838229,3.592422675,3.086679997,3.169678853,3.264892224
338,3.426590016,3.455221461,3.487482643,3.527251581,3.621445872,3.594014661,3.077290471,3.171081389,3.260889182
339,3.422423936,3.453259815,3.489073509,3.528840906,3.623053515,3.589481195,3.06188717,3.171205073,3.255291137
340,3.415547856,3.454851682,3.48958598,3.525696841,3.624661158,3.591073181,3.063484802,3.16754212,3.242582584
341,3.414794405,3.452313441,3.476531568,3.523357906,3.619094416,3.591600229,3.052447802,3.158894969,3.244172009
342,3.416393688,3.4538025,3.478122434,3.524947232,3.613900354,3.593192215,3.047477916,3.155725281,3.244445002
343,3.417992971,3.452070268,3.479713301,3.526536558,3.615507997,3.589682413,3.033739885,3.157314078,3.246034426
344,3.410513406,3.453183373,3.476312573,3.523156189,3.616791231,3.591274399,3.02829814,3.155482269,3.236108832
345,3.412112689,3.449991278,3.475865386,3.524745515,3.614936433,3.592866385,3.026292701,3.151383825,3.235979898
346,3.413711972,3.444776808,3.474644395,3.519585491,3.615918066,3.590342081,3.014932486,3.148000818,3.232773608
347,3.41141453,3.431832491,3.470369722,3.518663604,3.608957461,3.591934067,3.009585899,3.144507721,3.231182599
348,3.407577219,3.433424357,3.471457633,3.518644746,3.61010435,3.593526053,3.004085272,3.140728216,3.226439567
349,3.408204312,3.433902003,3.4730485,3.519474791,3.60733009,3.593410698,2.994269861,3.135519042,3.219028977
350,3.396841466,3.435493869,3.461724013,3.514382938,3.608937733,3.593961492,2.984747582,3.131515892,3.219889754
351,3.394171155,3.436563245,3.463314879,3.510784061,3.605449453,3.587908741,2.968342108,3.127523387,3.215591488
352,3.391708996,3.430551447,3.464905746,3.512373387,3.607057096,3.584191266,2.969225169,3.123506432,3.214258798
353,3.383903396,3.430602241,3.466496613,3.512449057,3.604929037,3.585783252,2.957032338,3.110306446,3.209994942
354,3.385502679,3.419470365,3.468087479,3.51097321,3.605569017,3.587375238,2.944193668,3.095654096,3.206509279
355,3.385160306,3.421062231,3.466362166,3.50770113,3.606397331,3.586593963,2.942571489,3.092115577,3.202284585
356,3.384612281,3.417601168,3.459902117,3.509290456,3.602810613,3.584545377,2.930581705,3.093704374,3.200811268
357,3.370817961,3.418127043,3.44910511,3.505794175,3.604418256,3.576359809,2.914452351,3.083521805,3.191989284
358,3.372417244,3.404407002,3.450695977,3.503359086,3.600574871,3.577951795,2.90910653,3.080152928,3.18532824
359,3.361067748,3.405998869,3.452286843,3.494154653,3.599497764,3.577866296,2.894238392,3.077153332,3.186132451
360,3.36175456,3.407590735,3.45387771,3.490737565,3.598566227,3.575223438,2.888901478,3.061687838,3.180359149
361,3.358995692,3.400751311,3.455468576,3.487407681,3.598703765,3.574175508,2.87581638,3.063276636,3.179615838
362,3.360594975,3.393122646,3.451414584,3.488997006,3.598288954,3.575767494,2.86205735,3.05918498,3.181205262
363,3.349404831,3.387288979,3.452510738,3.484751266,3.597038579,3.57394161,2.846144488,3.055193609,3.176777627
364,3.351004114,3.388880846,3.446661266,3.482816159,3.592940015,3.57276864,2.84521779,3.054924806,3.17234679
365,3.344523615,3.390036987,3.448252133,3.484405484,3.594547658,3.572378643,2.830032566,3.043007068,3.164471353
366,3.339047936,3.381756194,3.444347829,3.482635064,3.596155301,3.567137858,2.818834355,3.037513714,3.165911833
367,3.335067863,3.383348061,3.444748215,3.478575945,3.593803034,3.562137155,2.803774101,3.039102511,3.161978649
368,3.333309036,3.38088159,3.446339081,3.476145471,3.585081924,3.563729141,2.793987185,3.028740231,3.153943154
369,3.334908319,3.371989227,3.442441046,3.476827346,3.586689567,3.562233722,2.789835798,3.021522565,3.152474568
370,3.33377596,3.369420345,3.440795607,3.474514548,3.584213244,3.553297563,2.770901444,3.012937975,3.146013547
371,3.325765562,3.36856914,3.442386473,3.473538327,3.579241247,3.547730522,2.772499075,3.007404609,3.146047285
372,3.327364845,3.364203433,3.438828745,3.470058419,3.58084889,3.549322508,2.759354202,2.995748028,3.145642855
373,3.328964128,3.363507438,3.435696949,3.471647744,3.579608651,3.550914494,2.745164975,2.991840355,3.137234079
374,3.330563411,3.355560337,3.430576241,3.471745562,3.575516467,3.55250648,2.733114286,2.981173406,3.134090867
375,3.330317603,3.355157367,3.431183929,3.47158771,3.574434005,3.554098467,2.718020418,2.980400347,3.135680292
376,3.331916886,3.352757121,3.43265178,3.471091219,3.576041648,3.552844443,2.704669473,2.969660323,3.135306705
377,3.326203231,3.349292664,3.424675871,3.471155227,3.576031321,3.55415525,2.695516655,2.958053721,3.133234287
378,3.321615929,3.346895363,3.421161698,3.465371015,3.577638964,3.555747236,2.674268214,2.94667657,3.120641728
379,3.323215212,3.347570462,3.420072133,3.466642724,3.576262335,3.547081507,2.664404782,2.941466356,3.119068235
380,3.321566942,3.34083105,3.420012322,3.46392377,3.571433841,3.542742644,2.645238344,2.928618155,3.118920368
381,3.321530048,3.336586282,3.415829074,3.465351011,3.562910775,3.54433463,2.646835976,2.923576205,3.112490342
382,3.312546253,3.337213685,3.412830246,3.460715746,3.564518418,3.545926616,2.623265529,2.91423449,3.113981674
383,3.314145536,3.338805551,3.412432873,3.462305072,3.563034473,3.547518603,2.614510598,2.909407541,3.107141041
384,3.315744819,3.336039081,3.410662468,3.461712363,3.559671766,3.547782287,2.596216504,2.898995602,3.106238982
385,3.307734533,3.33693801,3.409093839,3.462436118,3.556272231,3.541939332,2.587585732,2.88275022,3.092160592
386,3.309333816,3.338529877,3.406875507,3.45940634,3.557879874,3.543531319,2.572817593,2.880275582,3.093433765
387,3.303931596,3.334311776,3.408466374,3.460995666,3.553625823,3.542946842,2.555313021,2.874182422,3.082563327
388,3.305530879,3.334045117,3.402541943,3.462584991,3.545689039,3.544538828,2.543694857,2.862474905,3.077543189
389,3.307130162,3.334503131,3.404132809,3.459496242,3.547296682,3.544426512,2.533990267,2.850917216,3.069812397
390,3.307810868,3.329176783,3.40192644,3.453443397,3.547487082,3.544290637,2.526551142,2.845378592,3.062667567
391,3.30791071,3.327355491,3.399319149,3.455032722,3.539648153,3.537022928,2.509860048,2.827930985,3.064256992
392,3.309141993,3.328947357,3.400910016,3.455294383,3.538779806,3.534891554,2.494426347,2.808903175,3.052942352
393,3.304049513,3.324093657,3.402500882,3.454245631,3.540387449,3.536395384,2.477103719,2.809415443,3.053414131
394,3.305648796,3.325685523,3.394937659,3.449772633,3.540965224,3.528618732,2.478701351,2.803669227,3.050594196
395,3.307248079,3.327277389,3.394710871,3.445194912,3.541765217,3.530210718,2.455870414,2.794488756,3.04082709
396,3.308847362,3.328869256,3.3837126,3.446784238,3.542289032,3.525168617,2.44512779,2.783179568,3.039262388
397,3.29578338,3.319486782,3.385303467,3.440050586,3.534271791,3.526760603,2.426365361,2.773010581,3.030821524
398,3.297382663,3.319922065,3.382398417,3.441639911,3.535879434,3.528352589,2.414967198,2.765455689,3.020483236
399,3.297087857,3.31606389,3.382681081,3.436282506,3.537487077,3.52602577,2.399819817,2.743989398,3.011041458
400,3.291594247,3.317655756,3.380053275,3.430792227,3.538435214,3.522525863,2.379934311,2.729930031,3.00580763
401,3.280612737,3.317801223,3.375660467,3.432381552,3.538849727,3.524117849,2.350910854,2.71687407,2.997232503
402,3.28221202,3.319393089,3.372952824,3.433970878,3.529608561,3.518569264,2.342039107,2.716914311,2.992645825
403,3.283781359,3.318229575,3.368488642,3.435560204,3.525249137,3.52016125,2.325677791,2.694104469,2.987095967
404,3.283404418,3.319645969,3.366357968,3.429417637,3.526553214,3.515839614,2.308269831,2.689322863,2.973991236
405,3.2724706,3.307156728,3.363173122,3.431006963,3.524732664,3.514648114,2.300851227,2.680337784,2.969453523
406,3.268435964,3.302016038,3.356787045,3.432596288,3.526340307,3.513058871,2.286347888,2.65438141,2.959566775
407,3.270035247,3.301448392,3.358377911,3.433029026,3.52794795,3.509714476,2.257269927,2.651080695,2.948724723
408,3.267370529,3.298827529,3.359968778,3.434618351,3.529555593,3.510628844,2.24767063,2.649825691,2.939600639
409,3.262926888,3.291205169,3.361559644,3.434708782,3.526894967,3.509694446,2.224333757,2.623401583,2.938528987
410,3.264526171,3.29148769,3.357505504,3.434263161,3.52283368,3.50382587,2.213420449,2.61870753,2.9200265
411,3.266125454,3.287199917,3.355414491,3.428960672,3.518611002,3.505417856,2.201986137,2.603354879,2.921615924
412,3.263690916,3.287787516,3.357005357,3.42599882,3.516120921,3.502260936,2.179210384,2.58603498,2.911209364
413,3.264318642,3.289379382,3.347568768,3.422554412,3.517216134,3.500116483,2.160729538,2.571988827,2.904220678
414,3.25958213,3.286438923,3.349159634,3.424143737,3.517241674,3.497906998,2.14402379,2.563435664,2.893598245
415,3.259635338,3.284660654,3.350750501,3.420513252,3.512627458,3.492738856,2.119081692,2.547411579,2.888476205
416,3.253385583,3.280778399,3.344790793,3.422102578,3.514235101,3.48728846,2.107597969,2.533306323,2.879784128
417,3.253555158,3.282370265,3.346381659,3.420847901,3.514026325,3.488880446,2.077228729,2.517242487,2.8762272
418,3.255154441,3.281192556,3.337044256,3.41874635,3.515633968,3.490472432,2.063946878,2.501813621,2.866202402
419,3.188054392,3.282784423,3.336048952,3.413273304,3.506286852,3.492064418,2.044236026,2.485422488,2.856603088
420,3.187470465,3.278036123,3.337639819,3.414862629,3.503972222,3.491694189,2.033648256,2.487011286,2.844345377
421,3.189069748,3.27939908,3.33851875,3.414923916,3.505579865,3.480259086,2.016943415,2.451803179,2.839860041
422,3.188226144,3.273954727,3.337953699,3.408077519,3.507187508,3.480837041,1.990172088,2.448116859,2.82986493
423,3.182525473,3.268967324,3.339544566,3.409666844,3.508795151,3.482429027,1.978428458,2.441006242,2.814169125
424,3.182181136,3.27055919,3.334510404,3.41125617,3.506779556,3.479792212,1.958531573,2.417887919,2.798125776
425,3.183780419,3.269742267,3.328686825,3.41084768,3.506154389,3.481384198,1.933345528,2.409962649,2.788398434
426,3.185379702,3.263922168,3.322678727,3.412437006,3.507762032,3.482618739,1.923271002,2.399092311,2.779035793
427,3.184976718,3.265514035,3.324225668,3.41062294,3.504581196,3.476660554,1.901750389,2.370892345,2.768164615
428,3.181644655,3.267105901,3.319913539,3.402495816,3.502616927,3.47825254,1.882721583,2.358501308,2.764321063
429,3.183243938,3.261279982,3.317914378,3.398186857,3.502685873,3.479844526,1.860926174,2.354564473,2.747131212
430,3.183548107,3.262871849,3.317740741,3.396300204,3.501124642,3.480559799,1.84140605,2.336293493,2.738756037
431,3.179392998,3.257665021,3.314915537,3.39788953,3.498534352,3.482151785,1.820488587,2.326804713,2.730026603
432,3.180992281,3.259256887,3.310488878,3.394056194,3.493212288,3.483743771,1.802582628,2.307850684,2.720688053
433,3.182591564,3.260848753,3.311623913,3.39498853,3.493122213,3.477340487,1.786269954,2.298422766,2.708083396
434,3.180234381,3.258542559,3.307160847,3.395019087,3.492511834,3.476650036,1.766501049,2.282718486,2.693737847
435,3.181833664,3.259310092,3.308751713,3.394433203,3.494119477,3.478185361,1.752202031,2.266236232,2.687893787
436,3.183432947,3.248824994,3.31034258,3.393168975,3.489366627,3.47411797,1.722301936,2.245599896,2.673453191
437,3.18503223,3.248132753,3.306026543,3.389879227,3.486487727,3.473554233,1.69849406,2.229933077,2.670247553
438,3.186631513,3.249069982,3.305947983,3.387663457,3.485139667,3.475146219,1.671474115,2.218120273,2.654016943
439,3.188230796,3.244810338,3.30753885,3.388571902,3.479446,3.475641153,1.654177685,2.196422949,2.642953108
440,3.189830079,3.246402204,3.306150696,3.386742655,3.470942691,3.464314981,1.638310066,2.179451608,2.629456106
441,3.191429362,3.243938167,3.307741563,3.373901646,3.472550334,3.465440736,1.618653122,2.165445028,2.614335243
442,3.193028645,3.244862142,3.300466657,3.375490971,3.472508201,3.460257177,1.600204987,2.151768649,2.606932181
443,3.188168346,3.24484794,3.29567592,3.377080297,3.470543066,3.461849163,1.584203226,2.131380692,2.601335071
444,3.18492023,3.185894307,3.297266786,3.378669623,3.471953112,3.463441149,1.566773811,2.116189868,2.590651881
445,3.186519513,3.184009749,3.298857653,3.378655105,3.466831704,3.457617035,1.546245124,2.097696329,2.582807857
446,3.178954769,3.185601616,3.295509623,3.379431031,3.468439347,3.459209021,1.52344142,2.072606355,2.565349318
447,3.180554052,3.184915408,3.295163322,3.381020357,3.47004699,3.460801007,1.507491136,2.056539726,2.560786415
448,3.179961725,3.178063909,3.296754189,3.376160446,3.471654633,3.458006762,1.486885804,2.039137911,2.542669439
449,3.178907087,3.179655775,3.296271683,3.377152533,3.466099262,3.459598748,1.46701594,2.020810185,2.532762039
450,3.17822796,3.181247641,3.296792668,3.373293323,3.461622745,3.456917455,1.441968188,1.999782318,2.526849717
451,3.179827243,3.181609327,3.295054528,3.374204808,3.46168119,3.458509441,1.418369747,1.974589129,2.508227027
452,3.1807037,3.177993163,3.293360795,3.368584252,3.463288833,3.454025327,1.39206816,1.947771088,2.494740409
453,3.165447774,3.177908592,3.291066725,3.367336863,3.455336119,3.455617314,1.380490251,1.929889923,2.486092637
454,3.166660288,3.179500459,3.289479293,3.367026915,3.456943762,3.4572093,1.341472926,1.913964055,2.473394619
455,3.166062666,3.176744159,3.281223764,3.368466924,3.451223845,3.451646523,1.327330409,1.901644935,2.462557538
456,3.157717219,3.178336025,3.273792731,3.36538156,3.445318586,3.453238509,1.302131779,1.880108287,2.446948931
457,3.153980038,3.170050132,3.268825058,3.3561605,3.44633196,3.454830495,1.280184486,1.864475144,2.442134082
458,3.150420927,3.171641998,3.267013828,3.357749826,3.447939603,3.451919527,1.255536047,1.843652678,2.430624743
459,3.143299779,3.173233864,3.256502184,3.353944835,3.448849197,3.453511513,1.231368931,1.817851549,2.418879947
460,3.144018167,3.164061455,3.258093051,3.353749692,3.44771158,3.450868081,1.206302814,1.804220933,2.403841697
461,3.143656469,3.165653321,3.256963522,3.354128503,3.442648803,3.445097835,1.186626725,1.785504634,2.390004337
462,3.136736475,3.167245188,3.256238896,3.355717828,3.444256446,3.4388583,1.157897466,1.763586352,2.379569309
463,3.138335758,3.163523421,3.24945288,3.353993369,3.444436285,3.436376624,1.142576672,1.744953243,2.370125426
464,3.135995238,3.164651903,3.246835351,3.353779862,3.439769735,3.436325359,1.111085848,1.730684406,2.346159082
465,3.127513678,3.1635343,3.245043436,3.355369188,3.434098817,3.435381036,1.09017194,1.701910102,2.336038989
466,3.129112961,3.159008819,3.244579829,3.356958513,3.42700697,3.431649673,1.06901171,1.684682243,2.317846642
467,3.12702,3.160600685,3.2313264,3.356937141,3.428614613,3.432462664,1.041587871,1.657082319,2.289152027
468,3.121749473,3.15446964,3.232917266,3.358486485,3.429565724,3.430342453,1.019746003,1.638822966,2.287114664
469,3.122973848,3.156061507,3.234508133,3.352768137,3.426927855,3.431934439,0.98791609,1.620905623,2.272390484
470,3.124573131,3.157653373,3.231463086,3.35263257,3.427178436,3.433526426,0.967876414,1.599533548,2.257676652
471,3.119843597,3.159245239,3.227914924,3.352705355,3.424024352,3.428174022,0.944258243,1.577886154,2.242255182
472,3.111500253,3.158242342,3.228074158,3.341185169,3.424672601,3.429766008,0.912529305,1.553436758,2.23461505
473,3.104068226,3.159834208,3.229613951,3.342774495,3.426280244,3.429667095,0.888313089,1.534958572,2.214562089
474,3.098298436,3.161180523,3.178597936,3.344363821,3.417277364,3.431259081,0.870939722,1.509094472,2.191605456
475,3.088714428,3.161397802,3.17362203,3.342195691,3.409911407,3.420357348,0.853349275,1.488071764,2.169347088
476,3.086990652,3.160726229,3.167037469,3.342421647,3.41151905,3.421343859,0.819855994,1.463481335,2.160714254
477,3.084729822,3.151298007,3.168628335,3.33782918,3.413126693,3.422935845,0.796784726,1.442432205,2.14332077
478,3.084233934,3.152889873,3.170219202,3.332778487,3.411618845,3.424527831,0.769600864,1.427268975,2.133528908
479,3.081272548,3.147985039,3.165796918,3.332318789,3.413226488,3.426119817,0.737156523,1.399601319,2.114747447
480,3.071058989,3.149576906,3.167387785,3.333908114,3.41321537,3.420785476,0.718130155,1.381904953,2.095592888
481,3.063642538,3.151168772,3.168978651,3.329390145,3.412663527,3.415715195,0.694925788,1.355116581,2.086138105
482,3.058745329,3.147242345,3.170569518,3.324127825,3.406254768,3.409190195,0.671343149,1.337602148,2.059247947
483,3.058416039,3.139223561,3.171741901,3.325717151,3.402217565,3.410759508,0.647131309,1.315067726,2.052392351
484,3.05422029,3.135494324,3.173332768,3.327306476,3.403825208,3.412266497,0.620567254,1.296294594,2.036878619
485,3.047639392,3.129180701,3.163867795,3.321019086,3.405432851,3.413290279,0.58365763,1.276415437,2.008652693
486,3.034567115,3.130772567,3.165458662,3.3215911,3.398394372,3.411122508,0.564182175,1.245838203,2.001494945
487,3.022167923,3.124578545,3.16577114,3.320192385,3.400002015,3.408018807,0.5284501,1.216934769,1.985809726
488,3.023767206,3.124064648,3.167362006,3.315665486,3.401609658,3.409610793,0.51304055,1.196828854,1.965604406
489,3.005486856,3.117412877,3.161850314,3.312745226,3.403217301,3.41120278,0.477146006,1.177485749,1.957420605
490,3.007086139,3.110242276,3.159917255,3.313228503,3.404824944,3.412794766,0.453652656,1.155350797,1.937494469
491,3.008685422,3.109337994,3.161508121,3.314817828,3.397862223,3.414386752,0.42527681,1.120529084,1.921755682
492,3.009998035,3.110929861,3.163098988,3.306569703,3.399007118,3.405783158,0.40025429,1.102941326,1.894834689
493,3.001985129,3.111554526,3.164689854,3.308159029,3.398486571,3.407269866,0.371677638,1.074217048,1.889176768
494,2.991850442,3.113146392,3.161665829,3.30733355,3.399978567,3.408861852,0.346282782,1.055624,1.864932394
495,2.993449725,3.10240323,3.163256695,3.295049124,3.400020008,3.402353563,0.319599253,1.028826667,1.849420483
496,2.982586685,3.084564482,3.162960561,3.296638449,3.40116951,3.402125896,0.297211575,0.993205249,1.835556991
497,2.979362449,3.084757338,3.163300037,3.294243273,3.400340953,3.398731804,0.259924391,0.967021125,1.809230048
498,2.969831219,3.082437862,3.157967581,3.287127943,3.401948596,3.40032379,0.243756954,0.945024145,1.796446256
499,2.969596425,3.077972684,3.159558447,3.282165354,3.400975731,3.401484033,0.219739249,0.919696591,1.782828578
500,2.965931197,3.063818717,3.160785311,3.278680674,3.402583374,3.395181136,0.202501673,0.898220256,1.768966082
501,2.959642759,3.065410583,3.156979823,3.28027,3.400445344,3.392161932,0.186328738,0.87215755,1.756677697
502,2.943187451,3.06181117,3.15857069,3.279764689,3.396848417,3.385531288,0.182132539,0.845451078,1.738419506
503,2.943553845,3.059049048,3.158185852,3.278248708,3.395835993,3.387123274,,0.820770124,1.723153975
504,2.945153128,3.044969379,3.153719816,3.272623512,3.396793434,3.388715261,,0.798352929,1.710134972
505,2.946752411,3.046561245,3.149958854,3.267891691,3.387962835,3.390307247,,0.757489363,1.679775241
506,2.937863407,3.039924089,3.148065306,3.260086656,3.389570478,3.389755016,,0.734958284,1.665901092
507,2.929774459,3.039296546,3.139415186,3.261675982,3.37988221,3.391347002,,0.711774289,1.646812923
508,2.931373742,3.035963695,3.141006053,3.257362771,3.381489853,3.386553387,,0.682928781,1.634989325
509,2.926629505,3.030719416,3.134665916,3.258952097,3.377566842,3.385677697,,0.65622733,1.611906606
510,2.914790454,3.030917029,3.133858958,3.253772599,3.376808322,3.380504127,,0.626777444,1.595836843
511,2.913242331,3.014512103,3.129258731,3.250972279,3.371903975,3.382096113,,0.592622005,1.575249977
512,2.901779878,3.009712164,3.127644524,3.252561604,3.36477046,3.380648346,,0.575323429,1.557684235
513,2.897684316,3.004655006,3.120131441,3.253420057,3.366378103,3.37411566,,0.549093443,1.536018695
514,2.892918249,2.999341184,3.116503882,3.251384526,3.367985746,3.375707646,,0.526252819,1.513755375
515,2.888861692,2.997745915,3.113202012,3.247113909,3.361809827,3.374311224,,0.498967394,1.495797895
516,2.869285541,2.992674618,3.114792879,3.248703235,3.36341747,3.372613994,,0.468479199,1.478467875
517,2.870884824,2.988459517,3.108209397,3.246540366,3.364725762,3.37420598,,0.45394013,1.462615902
518,2.866343806,2.988050191,3.099254207,3.236530861,3.359484821,3.369186422,,0.428801071,1.433231849
519,2.864577639,2.981390557,3.09999783,3.235865066,3.361092464,3.370778408,,0.390842985,1.419173164
520,2.85342398,2.972285222,3.099496933,3.233300392,3.35330855,3.366316751,,0.352447974,1.395427408
521,2.849931017,2.972125648,3.093470873,3.234889718,3.354916193,3.367118832,,0.332152296,1.371468937
522,2.838181526,2.968944673,3.092229094,3.23537801,3.353077784,3.368710819,,0.310558961,1.351278795
523,2.83698926,2.963936729,3.075313328,3.229692193,3.349357463,3.36922213,,0.281038707,1.332976942
524,2.824622502,2.957609393,3.076904194,3.231281519,3.350965106,3.370814116,,0.260728994,1.318044475
525,2.820719823,2.950893238,3.068541008,3.154815775,3.352572749,3.364857738,,0.244421911,1.295707375
526,2.814283514,2.947400254,3.065202761,3.156405101,3.345762961,3.366380134,,0.213592038,1.284585507
527,2.803597511,2.9411448,3.065925725,3.151831261,3.345011956,3.36797212,,0.200069531,1.260832304
528,2.794134528,2.93366171,3.049975495,3.153420586,3.345363117,3.362764037,,0.192091805,1.237717068
529,2.790345088,2.933692799,3.047676676,3.155009912,3.34697076,3.364356023,,0.186118162,1.215228236
530,2.781830907,2.930206976,3.043420322,3.151402504,3.348578403,3.363748635,,,1.19971751
531,2.771860625,2.923097348,3.034701919,3.152991829,3.345107333,3.362357779,,,1.17204713
532,2.769280176,2.919315291,3.03043538,3.153416729,3.346700506,3.361534812,,,1.156341257
533,2.757391624,2.910099111,3.02102245,3.155006054,3.344156005,3.359865493,,,1.137512576
534,2.749579881,2.904474134,3.022613316,3.153748449,3.330695422,3.358094374,,,1.122888422
535,2.742117914,2.899672725,3.014693453,3.155337775,3.332303065,3.356905071,,,1.092513667
536,2.734790448,2.888959985,3.001347442,3.154025406,3.333910708,3.355051702,,,1.073716341
537,2.727097306,2.890551851,2.996203507,3.155614732,3.332472894,3.347001006,,,1.039239107
538,2.716088229,2.875701124,2.997794374,3.157204057,3.328255617,3.343965816,,,1.022909082
539,2.710706865,2.86800514,2.991277363,3.158112184,3.322087529,3.342179786,,,1.008984596
540,2.694700024,2.859476122,2.98961171,3.153717961,3.323398099,3.3400323,,,0.989590655
541,2.688599094,2.855376747,2.97678493,3.148757922,3.322714648,3.341624286,,,0.965151652
542,2.688613772,2.851695394,2.975251949,3.150347248,3.311716688,3.340659376,,,0.951440289
543,2.673419871,2.848374967,2.974737289,3.151936573,3.313324331,3.334658381,,,0.92809567
544,2.669174351,2.84017765,2.974692175,3.153525899,3.314574496,3.335823657,,,0.902319914
545,2.666405586,2.840255072,2.968377197,3.153747044,3.309583235,3.330773716,,,0.884860933
546,2.652080872,2.83268783,2.957034385,3.152965053,3.311190878,3.330896534,,,0.853915554
547,2.642453269,2.829720329,2.952748731,3.154554379,3.310314188,3.328959247,,,0.837155829
548,2.6368729,2.823234413,2.940783859,3.156143704,3.307931046,3.328844147,,,0.814999814
549,2.624462883,2.811040048,2.941539738,3.15773303,3.309538689,3.325975258,,,0.797365225
550,2.623164545,2.805169694,2.935332045,3.159322355,3.302713942,3.314668582,,,0.77761445
551,2.610806586,2.800227424,2.926821372,3.160911681,3.304321585,3.313966773,,,0.748713967
552,2.597214492,2.787741939,2.921775005,3.162501007,3.303323535,3.309595305,,,0.716742809
553,2.598813775,2.775335757,2.922394039,3.158790984,3.29618725,3.310704292,,,0.695240532
554,2.593863788,2.776927624,2.912931168,3.158853677,3.297794893,3.305750616,,,0.66928428
555,2.587996211,2.777278401,2.905156063,3.160443002,3.299270063,3.307342602,,,0.649083042
556,2.576054438,2.771562339,2.906746929,3.162032328,3.291515274,3.303878325,,,0.62946694
557,2.571885163,2.765144041,2.901580039,3.163621654,3.288225761,3.30376299,,,0.611219354
558,2.559764907,2.760424305,2.887919138,3.16076671,3.284780477,3.302098935,,,0.581907537
559,2.551914436,2.747849024,2.884672235,3.162356036,3.28638812,3.294415814,,,0.559698966
560,2.544150101,2.744878365,2.873175584,3.163945361,3.287995763,3.2960078,,,0.541529364
561,2.542464098,2.737626702,2.872013365,3.165534687,3.289603406,3.297599786,,,0.516938594
562,2.531705819,2.730049693,2.866566056,3.167124013,3.219857831,3.296191045,,,0.500796263
563,2.52489872,2.721684657,2.865311361,3.165185571,3.221465474,3.294641742,,,0.472170454
564,2.51517806,2.710341737,2.859771218,3.166774897,3.218903877,3.293928036,,,0.441942584
565,2.512677896,2.701063105,2.856042584,3.165541494,3.22051152,3.295520022,,,0.422886882
566,2.495283708,2.690622999,2.84526187,3.160127425,3.222119163,3.297112008,,,0.398977319
567,2.485328713,2.683867365,2.841799829,3.161716751,3.223726807,3.292978499,,,0.372801879
568,2.477038458,2.673566333,2.833482502,3.163306077,3.224335456,3.289618243,,,0.356887837
569,2.474004728,2.662447937,2.823632394,3.160641824,3.225943099,3.287913313,,,0.329835761
570,2.457626838,2.660115229,2.821232481,3.162231149,3.224136739,3.287154706,,,0.304694488
571,2.453275409,2.658409019,2.813783466,3.163820475,3.223629764,3.284726321,,,0.292118746
572,2.440198836,2.652135675,2.809655039,3.165409801,3.222891056,3.286318307,,,0.259333284
573,2.436268592,2.645611842,2.796310167,3.165473209,3.216800675,3.28180239,,,0.243677414
574,2.424759372,2.631760987,2.797901033,3.158104344,3.218408318,3.275120919,,,0.226246584
575,2.405484832,2.626122095,2.787125025,3.15969367,3.220015961,3.276547045,,,0.205133977
576,2.403958888,2.61384807,2.779465296,3.161282995,3.221623604,3.278139031,,,0.189242808
577,2.390483218,2.605186124,2.781056163,3.162872321,3.222881979,3.277663502,,,0.184723842
578,2.382824404,2.5957841,2.76368865,3.164132523,3.221892845,3.276858929,,,
579,2.382660976,2.58295519,2.765279516,3.159927268,3.223500488,3.278450915,,,
580,2.370113843,2.5826306,2.756840124,3.15425802,3.207839213,3.280042902,,,
581,2.357981907,2.580025225,2.755820932,3.149064546,3.209446856,3.272507926,,,
582,2.352269369,2.568554992,2.750494742,3.150653871,3.211054499,3.269387756,,,
583,2.343165385,2.568330793,2.741684267,3.152243197,3.212662142,3.270979743,,,
584,2.342461197,2.554970354,2.732942758,3.149228234,3.214269785,3.272571729,,,
585,2.32106552,2.549918329,2.734019506,3.14760139,3.209670936,3.274163715,,,
586,2.312405295,2.541613267,2.728333018,3.139258511,3.211278579,3.263739044,,,
587,2.301026648,2.538257454,2.713322766,3.138973237,3.209845352,3.26533103,,,
588,2.29200752,2.523331623,2.70172643,3.135114103,3.207902533,3.266923016,,,
589,2.283682988,2.51077274,2.694650777,3.132820309,3.209510176,3.268515003,,,
590,2.274897481,2.50231326,2.689275561,3.132225856,3.207285037,3.265309204,,,
591,2.258027885,2.503905126,2.676624973,3.124934906,3.20889268,3.262616484,,,
592,2.243785673,2.488927679,2.678215839,3.126524232,3.210500323,3.261629127,,,
593,2.231708613,2.483696483,2.669900831,3.12598643,3.206618467,3.26210284,,,
594,2.219818162,2.471309634,2.661720107,3.113685557,3.206104604,3.263694826,,,
595,2.208893056,2.466718523,2.65054724,3.115274883,3.20164809,3.259470276,,,
596,2.193707427,2.462015248,2.645323194,3.116864209,3.202827006,3.185615867,,,
597,2.193443028,2.458657855,2.644727657,3.118453534,3.204048579,3.187207853,,,
598,2.185905406,2.441606488,2.632399806,3.114346895,3.205656222,3.18879984,,,
599,2.166941171,2.443198355,2.617642348,3.111304889,3.207263865,3.190391826,,,
600,2.160642544,2.436104495,2.618087215,3.109631877,3.208871508,3.189997277,,,
601,2.160545038,2.426898119,2.612102658,3.106510457,3.20186036,3.191589263,,,
602,2.156625529,2.419866873,2.611416747,3.100559919,3.199672863,3.193181249,,,
603,2.139244356,2.414936105,2.604857302,3.101935717,3.194270516,3.186636423,,,
604,2.13039647,2.398264991,2.596527322,3.09333078,3.195878159,3.186658696,,,
605,2.117941285,2.395351541,2.592319487,3.094920106,3.197485802,3.187562641,,,
606,2.111223898,2.38743068,2.580928835,3.091955435,3.199093445,3.189154627,,,
607,2.104640754,2.383661199,2.574928296,3.093544761,3.200701088,3.190746613,,,
608,2.089962181,2.36699301,2.572781983,3.093580225,3.202308731,3.191609991,,,
609,2.091561464,2.358822271,2.5610828,3.082766365,3.197749679,3.193201977,,,
610,2.07681662,2.360414137,2.556216707,3.0751422,3.199357322,3.194555917,,,
611,2.064940722,2.347849655,2.539110563,3.075876989,3.198525228,3.194541006,,,
612,2.05561276,2.329996417,2.532265439,3.075508224,3.198492899,3.188682052,,,
613,2.048386191,2.322629489,2.522436022,3.066520945,3.200100542,3.183859729,,,
614,2.034347977,2.315505731,2.524026888,3.067045912,3.19785305,3.184305262,,,
615,2.025501256,2.307736259,2.5097185,3.055646979,3.189972442,3.185897248,,,
616,2.013876927,2.301470318,2.510678497,3.057236305,3.184417574,3.186918646,,,
617,2.004518078,2.288700443,2.494801865,3.054922292,3.179998368,3.184176985,,,
618,1.987431291,2.282517457,2.488164913,3.055534475,3.181606011,3.185768971,,,
619,1.96966424,2.274005317,2.479651087,3.049564191,3.1748513,3.187360957,,,
620,1.960825036,2.267661077,2.472078538,3.042535546,3.176458943,3.187157818,,,
621,1.948101614,2.259380216,2.455956729,3.044124871,3.175830187,3.176929869,,,
622,1.940717407,2.24159344,2.454096962,3.037433906,3.174274962,3.178521855,,,
623,1.925287968,2.24221201,2.451624221,3.023598744,3.175483215,3.180113841,,,
624,1.920330013,2.229625967,2.439553845,3.024544032,3.166091411,3.175589922,,,
625,1.905358142,2.221659096,2.435753422,3.01890708,3.163458534,3.177181909,,,
626,1.895362538,2.215765277,2.415181317,3.017941933,3.162378574,3.178773895,,,
627,1.885118305,2.202089219,2.414921927,3.01122855,3.163986217,3.180365881,,,
628,1.871474784,2.19759333,2.405387743,3.005114423,3.163314824,3.174882352,,,
629,1.862797338,2.193056247,2.390365762,3.003940716,3.156444107,3.176474338,,,
630,1.850308561,2.184134857,2.391956629,3.001553075,3.155510078,3.178066324,,,
631,1.837123231,2.170585062,2.39218169,2.998277354,3.150979212,3.177471923,,,
632,1.825051368,2.163984003,2.37432406,2.989532975,3.152586855,3.179063909,,,
633,1.807147236,2.158598054,2.368771658,2.984324523,3.154194498,3.17529272,,,
634,1.797049285,2.147542265,2.354553727,2.985913848,3.155802141,3.176884706,,,
635,1.78140485,2.136723283,2.343882986,2.978287908,3.150725422,3.176528644,,,
636,1.775181658,2.128982515,2.345473852,2.97652052,3.152333065,3.17812063,,,
637,1.760451671,2.115471731,2.333757253,2.9749181,3.147812961,3.174694281,,,
638,1.753174643,2.098070268,2.327976202,2.966404814,3.143197777,3.175837828,,,
639,1.737095323,2.095136033,2.312850079,2.967780811,3.143878435,3.165135559,,,
640,1.72693199,2.085546893,2.312079148,2.961687202,3.138649291,3.166727545,,,
641,1.717016989,2.064503041,2.30154934,2.956484023,3.140256934,3.168319531,,,
642,1.699510917,2.057775631,2.299528643,2.952158472,3.140763179,3.169911517,,,
643,1.695371261,2.047122681,2.279999539,2.949624578,3.140645534,3.171503503,,,
644,1.678357187,2.044251942,2.2673169,2.94667758,3.134495282,3.172347584,,,
645,1.670447693,2.02838209,2.268535063,2.936833162,3.131140738,3.173170397,,,
646,1.652056774,2.025080544,2.262247245,2.938422487,3.123052674,3.169258029,,,
647,1.641069484,2.020811279,2.249483295,2.940011813,3.124660317,3.170850015,,,
648,1.638239275,2.009976209,2.243579466,2.928689022,3.123971323,3.162160551,,,
649,1.619612635,1.990145842,2.237257213,2.930278347,3.117069014,3.158798647,,,
650,1.6120742,1.989332668,2.224836358,2.924128064,3.106715315,3.160390633,,,
651,1.600820689,1.968654245,2.21382896,2.92056551,3.103217022,3.161982619,,,
652,1.585317174,1.961055657,2.215419826,2.913687516,3.102359322,3.160594612,,,
653,1.571507791,1.95615821,2.204236549,2.906782406,3.09409287,3.15684616,,,
654,1.556171973,1.939342887,2.192606272,2.905275473,3.082538617,3.149353757,,,
655,1.542327134,1.927080027,2.184151249,2.903444833,3.08414626,3.150945743,,,
656,1.531751179,1.918072424,2.173140381,2.895910063,3.077503262,3.15253773,,,
657,1.517662411,1.914526072,2.169041956,2.883771747,3.070101174,3.152130097,,,
658,1.515002889,1.905527572,2.160736902,2.885361072,3.06873243,3.151843278,,,
659,1.500008032,1.891020714,2.143879797,2.878773081,3.064396845,3.149917731,,,
660,1.48219948,1.879462295,2.143756646,2.874215328,3.065137111,3.151509717,,,
661,1.482334067,1.86982082,2.136436811,2.874843266,3.066731061,3.146979206,,,
662,1.473079087,1.862387471,2.121739039,2.872063841,3.064451812,3.141314116,,,
663,1.461675329,1.848777853,2.111273315,2.867367956,3.066059455,3.137336499,,,
664,1.44142026,1.843905463,2.101738574,2.853062094,3.059664272,3.138928485,,,
665,1.438068698,1.834309505,2.095755135,2.849552943,3.061271915,3.134251831,,,
666,1.423259037,1.817924079,2.091594034,2.844122875,3.05760415,3.131747738,,,
667,1.413999193,1.811257638,2.075428184,2.833098739,3.050119683,3.128650914,,,
668,1.393846509,1.787440166,2.074333348,2.834688064,3.051727326,3.119116877,,,
669,1.381831873,1.782679176,2.057447496,2.829265616,3.048941297,3.114446918,,,
670,1.370038231,1.780027811,2.050596946,2.828521543,3.034730179,3.116038904,,,
671,1.353771399,1.768259009,2.041252271,2.825031364,3.031808433,3.11763089,,,
672,1.334298472,1.748674606,2.032853796,2.823303549,3.026530124,3.109951974,,,
673,1.331449945,1.729077183,2.026871798,2.816345376,3.017116503,3.107085277,,,
674,1.320415886,1.722158404,2.02395637,2.812365091,3.018405838,3.108158947,,,
675,1.303764233,1.713516037,2.009622785,2.812582657,3.015995564,3.109220789,,,
676,1.291606177,1.696713096,2.006888256,2.802733671,3.017603207,3.106461423,,,
677,1.282451261,1.681904365,1.990581243,2.792480432,3.018638938,3.108053409,,,
678,1.267708397,1.666430164,1.987146706,2.791763592,3.004172406,3.102778397,,,
679,1.247335836,1.64890957,1.974660649,2.784341581,3.003888598,3.095690884,,,
680,1.236260413,1.643695726,1.970027072,2.783880244,2.998315872,3.094925692,,,
681,1.224210405,1.627983212,1.968694991,2.781783447,2.995279847,3.088330374,,,
682,1.206219106,1.616422948,1.964371539,2.76394613,2.991883488,3.085338479,,,
683,1.190210119,1.606443981,1.946897485,2.758858869,2.990765634,3.085048104,,,
684,1.172092208,1.595584602,1.937784554,2.760448194,2.979892996,3.084833145,,,
685,1.171560569,1.583834923,1.929082212,2.757698608,2.980666545,3.078864968,,,
686,1.147937163,1.567413053,1.914018544,2.749052382,2.982274188,3.07438698,,,
687,1.135337704,1.557996788,1.905789362,2.744971228,2.974221666,3.073726731,,,
688,1.126914356,1.551795083,1.902732481,2.738260788,2.969812774,3.065815885,,,
689,1.109960709,1.548935074,1.893869864,2.727274523,2.960782253,3.063604664,,,
690,1.091174089,1.529914008,1.87172838,2.724549948,2.95803792,3.061957315,,,
691,1.076273753,1.516667982,1.87324766,2.722041947,2.956873373,3.060002061,,,
692,1.065164236,1.502852082,1.859795977,2.718367495,2.954320583,3.055104089,,,
693,1.058030814,1.495752154,1.852145048,2.714989904,2.948705068,3.042879625,,,
694,1.034038052,1.484150916,1.842912647,2.716097695,2.947246318,3.042644819,,,
695,1.030555788,1.476687027,1.830003049,2.706105922,2.937404296,3.030360199,,,
696,1.015510928,1.4663526,1.818570161,2.70406623,2.927332462,3.031952185,,,
697,1.001930291,1.454856646,1.801006734,2.69182256,2.915954158,3.029978489,,,
698,0.981064571,1.453243308,1.788121205,2.690269948,2.914287257,3.029388035,,,
699,0.967816945,1.435830433,1.786255993,2.686966583,2.9158949,3.030980021,,,
700,0.954080735,1.427197134,1.769401589,2.681715457,2.902985467,3.02851746,,,
701,0.937235204,1.41399691,1.756260287,2.672852286,2.90459311,3.018212918,,,
702,0.927167349,1.406224653,1.750123684,2.674257149,2.900508734,3.019804905,,,
703,0.903606482,1.391484888,1.745624782,2.669875177,2.897224061,3.010543062,,,
704,0.893489402,1.375664743,1.730503659,2.657259428,2.8920574,3.010843735,,,
705,0.882219667,1.37725661,1.721174535,2.653890523,2.886937601,3.006101423,,,
706,0.868733524,1.368912919,1.719970404,2.645464165,2.888545244,2.997608409,,,
707,0.853921718,1.351385489,1.704407362,2.64705349,2.890152887,2.993840884,,,
708,0.838142027,1.350787124,1.694333104,2.647724641,2.891489539,2.985700244,,,
709,0.823920409,1.336379528,1.681296165,2.631147446,2.87731327,2.980561886,,,
710,0.808140184,1.318574346,1.678076993,2.627848047,2.875923769,2.976156298,,,
711,0.794391354,1.303385656,1.665901678,2.618463061,2.874368758,2.973108738,,,
712,0.779943409,1.298604848,1.651765372,2.611055502,2.867200824,2.965991524,,,
713,0.765042539,1.291893188,1.638726074,2.612644828,2.863066162,2.965857317,,,
714,0.750175267,1.2711201,1.627045183,2.614234154,2.860515986,2.964554967,,,
715,0.735547468,1.259226079,1.62420778,2.605531075,2.856564266,2.964223218,,,
716,0.713179022,1.241855908,1.618673397,2.595412435,2.84285181,2.963584028,,,
717,0.702246767,1.243447774,1.606149398,2.583309399,2.844459453,2.951933677,,,
718,0.686194408,1.224216958,1.594232536,2.584898725,2.844699022,2.939837699,,,
719,0.661983836,1.218993788,1.585417672,2.581422541,2.836647456,2.939858561,,,
720,0.649721591,1.208244887,1.581068547,2.570276008,2.826019195,2.939082262,,,
721,0.635913141,1.200597441,1.575812716,2.561259381,2.821913423,2.935304783,,,
722,0.610409534,1.188357533,1.551757404,2.56173025,2.819387172,2.933995594,,,
723,0.598236195,1.174815581,1.546627338,2.553127116,2.818117883,2.934764434,,,
724,0.5774079,1.153517336,1.531275385,2.53951637,2.815073985,2.920520784,,,
725,0.565886709,1.147673229,1.522364242,2.540073582,2.811603772,2.92211277,,,
726,0.542849987,1.133437598,1.512630819,2.528020926,2.806191588,2.913478087,,,
727,0.530031025,1.124077288,1.503017959,2.529610251,2.802001086,2.915070073,,,
728,0.514672223,1.112302514,1.490344466,2.517665311,2.797292296,2.909183199,,,
729,0.492566189,1.107484863,1.491935332,2.515266336,2.791561168,2.906776872,,,
730,0.476410628,1.094784739,1.479802218,2.506414594,2.787424708,2.896536803,,,
731,0.46895793,1.081157713,1.462373017,2.504280975,2.782027285,2.89501545,,,
732,0.463750651,1.066929477,1.461323112,2.497097172,2.777589847,2.895238562,,,
733,0.4422519,1.048517268,1.45402795,2.498686498,2.772876347,2.891565545,,,
734,0.421812214,1.027187392,1.439129026,2.486850123,2.768391428,2.88278492,,,
735,0.400797385,1.017117787,1.439046878,2.478078702,2.763803914,2.884376907,,,
736,0.390784645,1.00883937,1.429839708,2.476264446,2.753801334,2.881123941,,,
737,0.382906056,0.98845277,1.419532249,2.473372922,2.753291684,2.875137396,,,
738,0.371195878,0.984249871,1.405453956,2.467076602,2.748869449,2.865213926,,,
739,0.357419431,0.962046942,1.397828232,2.45746585,2.742037668,2.863772017,,,
740,0.33963131,0.951658179,1.384074449,2.449183234,2.738878,2.865364003,,,
741,0.326332809,0.939111993,1.373623623,2.442226572,2.733882814,2.852777008,,,
742,0.31117488,0.921590916,1.371509327,2.443815898,2.729383192,2.847850718,,,
743,0.302263634,0.906779194,1.35601815,2.438715384,2.718622536,2.839465862,,,
744,0.292747758,0.903824705,1.349694082,2.427654372,2.719282143,2.836922372,,,
745,0.278140918,0.889356461,1.350842162,2.424098352,2.702860314,2.838514358,,,
746,0.253883446,0.881783034,1.327027771,2.41185767,2.702021043,2.837053202,,,
747,0.251161662,0.86630758,1.319923933,2.404655896,2.695410969,2.836886036,,,
748,0.234280636,0.853596354,1.308689048,2.405704821,2.680860361,2.836424328,,,
749,0.211851622,0.831052144,1.295990969,2.391620964,2.677989027,2.832248502,,,
750,0.192558486,0.821073816,1.28734408,2.385633555,2.674629253,2.828258042,,,
751,0.183656669,0.806652981,1.274175187,2.382857817,2.662174675,2.825045834,,,
752,0.176691362,0.801556673,1.267072736,2.374162657,2.663782318,2.821763175,,,
753,0.172030618,0.781913947,1.262854087,2.361716993,2.662643927,2.820267324,,,
754,0.167646936,0.770109298,1.247873192,2.360328419,2.647245612,2.808697505,,,
755,,0.75271164,1.240902571,2.35643149,2.646491888,2.807746511,,,
756,,0.746519486,1.221834252,2.351012268,2.64209423,2.806272943,,,
757,,0.726329589,1.214739057,2.340229663,2.63800426,2.800085716,,,
758,,0.716262826,1.207756698,2.337003783,2.637208788,2.792674694,,,
759,,0.69476658,1.184534963,2.331676576,2.628940856,2.787368912,,,
760,,0.679344738,1.184416233,2.325355872,2.630066798,2.788960898,,,
761,,0.680557326,1.169364583,2.321332662,2.631674441,2.777500317,,,
762,,0.659761339,1.17095545,2.316415528,2.622321339,2.779092303,,,
763,,0.650775204,1.157451386,2.316295813,2.619213915,2.77485938,,,
764,,0.638975931,1.133653579,2.303051145,2.611416831,2.771565156,,,
765,,0.626240182,1.127492158,2.297015157,2.602312895,2.768631406,,,
766,,0.611297713,1.11911473,2.293994471,2.597863528,2.762461036,,,
767,,0.599558144,1.09487598,2.290381034,2.592960383,2.75561735,,,
768,,0.580284251,1.089325234,2.286596134,2.5945229,2.756734966,,,
769,,0.56566616,1.074085463,2.282686069,2.584612121,2.753228901,,,
770,,0.556373032,1.059594427,2.272170443,2.574358834,2.742107892,,,
771,,0.538017629,1.055340816,2.267972529,2.566545876,2.73962198,,,
772,,0.532436023,1.038850343,2.259724439,2.568153519,2.735873579,,,
773,,0.515778703,1.018797252,2.253222176,2.568332571,2.729565973,,,
774,,0.499929066,1.01308346,2.245533861,2.55492289,2.722014946,,,
775,,0.480347776,1.002259143,2.239637509,2.545512094,2.712726412,,,
776,,0.472181698,0.998878197,2.236369788,2.543660728,2.709900634,,,
777,,0.46508816,0.984739717,2.224430038,2.539747316,2.705408168,,,
778,,0.450793116,0.972560513,2.217492099,2.522539917,2.70519828,,,
779,,0.43048721,0.964464978,2.208192174,2.52414756,2.695837414,,,
780,,0.412830172,0.948218709,2.207153573,2.51675549,2.6974294,,,
781,,0.410158611,0.949809575,2.207205889,2.518363133,2.691885933,,,
782,,0.391298599,0.93624973,2.193499679,2.514243761,2.683824317,,,
783,,0.380922881,0.923887074,2.193306021,2.502754223,2.685416303,,,
784,,0.364047596,0.911491592,2.194895347,2.5023958,2.684796943,,,
785,,0.348182887,0.894205076,2.181337873,2.494741334,2.680311259,,,
786,,0.335963124,0.876204458,2.166838418,2.488903073,2.671905433,,,
787,,0.330488033,0.869746484,2.166338769,2.490400832,2.671277855,,,
788,,0.304239169,0.865479316,2.167928095,2.485814011,2.663502846,,,
789,,0.288002436,0.859683351,2.160753136,2.487421654,2.65849943,,,
790,,0.285385724,0.84191644,2.152592729,2.479673552,2.656610683,,,
791,,0.262778285,0.835432759,2.145574772,2.478189768,2.637766055,,,
792,,0.255400064,0.829137304,2.141525508,2.471873019,2.639358042,,,
793,,0.239469944,0.804775504,2.13528015,2.465888214,2.640327259,,,
794,,0.232493095,0.801267907,2.127229563,2.450447988,2.629611432,,,
795,,0.222395386,0.791368971,2.117454042,2.448748513,2.620153277,,,
796,,0.214556702,0.788968407,2.119043368,2.442723997,2.611694226,,,
797,,0.202858191,0.765656637,2.112730286,2.435387645,2.612082502,,,
798,,0.1976507,0.755368445,2.099084882,2.420682594,2.605681593,,,
799,,0.177505148,0.74548641,2.090157602,2.422290237,2.607273579,,,
800,,0.162031293,0.73369554,2.088097361,2.404899854,2.597407995,,,
801,,0.154370339,0.726222002,2.077663146,2.406507497,2.598533389,,,
802,,0.150923808,0.716112222,2.078422274,2.40070532,2.585675124,,,
803,,,0.701193749,2.061896431,2.400691496,2.580103284,,,
804,,,0.69704332,2.057584567,2.385213434,2.577272496,,,
805,,,0.677571513,2.053754545,2.378525516,2.570066181,,,
806,,,0.666478659,2.047383521,2.380133159,2.567599652,,,
807,,,0.662111432,2.043269962,2.368362473,2.559256481,,,
808,,,0.646148694,2.04151,2.369970116,2.555805377,,,
809,,,0.620703387,2.029466309,2.3658408,2.553934213,,,
810,,,0.621862682,2.02886657,2.356849786,2.545264374,,,
811,,,0.606668308,2.025944552,2.350338216,2.543798738,,,
812,,,0.604487004,2.006199486,2.347833406,2.532821265,,,
813,,,0.581266808,1.998146514,2.333127598,2.529472824,,,
814,,,0.579858286,1.999735839,2.320830689,2.522019091,,,
815,,,0.556736354,1.980891321,2.320315728,2.522880594,,,
816,,,0.552071567,1.980109773,2.321923371,2.51149365,,,
817,,,0.542914694,1.963536092,2.318309944,2.513085636,,,
818,,,0.535246992,1.957867693,2.311594636,2.510835378,,,
819,,,0.521089338,1.955854192,2.304784318,2.506111527,,,
820,,,0.500031431,1.951760412,2.292374061,2.495226555,,,
821,,,0.485527145,1.944699487,2.293306797,2.48731097,,,
822,,,0.476388617,1.933307089,2.282520311,2.48229499,,,
823,,,0.458080318,1.931222726,2.276680736,2.482756065,,,
824,,,0.45681888,1.922395549,2.273217559,2.4803417,,,
825,,,0.440333165,1.911147758,2.26370076,2.47777945,,,
826,,,0.422157297,1.902139054,2.260061495,2.465671603,,,
827,,,0.402982325,1.896368258,2.253090505,2.462953051,,,
828,,,0.400756386,1.87872923,2.245708247,2.461340068,,,
829,,,0.389580573,1.880318556,2.23708499,2.458264806,,,
830,,,0.367906718,1.879390769,2.233052487,2.452540362,,,
831,,,0.363335128,1.872141973,2.23466013,2.442517355,,,
832,,,0.346532558,1.858233902,2.231220313,2.444109341,,,
833,,,0.343580847,1.85646359,2.215596402,2.43656954,,,
834,,,0.333798719,1.856385276,2.213633105,2.430598149,,,
835,,,0.318319187,1.844488198,2.210356487,2.423021531,,,
836,,,0.311808285,1.832761504,2.205972286,2.418772769,,,
837,,,0.299636643,1.83435083,2.194441926,2.411684181,,,
838,,,0.282772136,1.814265345,2.181737547,2.401733174,,,
839,,,0.263525655,1.811450608,2.175468413,2.400596283,,,
840,,,0.253531445,1.808346367,2.177076056,2.391474643,,,
841,,,0.243757446,1.800167407,2.161450848,2.392253059,,,
842,,,0.230780387,1.792238112,2.152054064,2.382853998,,,
843,,,0.231083603,1.782201581,2.153661707,2.375168167,,,
844,,,0.220798761,1.772861153,2.140401908,2.362971838,,,
845,,,0.204301705,1.77261244,2.140638529,2.364563824,,,
846,,,0.194142971,1.761948617,2.131517377,2.358076381,,,
847,,,0.182585374,1.751534632,2.115493056,2.355891526,,,
848,,,0.166392135,1.746419295,2.115669761,2.355668506,,,
849,,,0.155336526,1.739576275,2.117277404,2.348733366,,,
850,,,0.147928511,1.727524699,2.11048458,2.349827987,,,
851,,,0.136906062,1.720702318,2.107257529,2.336327163,,,
852,,,0.136292309,1.715458302,2.096153349,2.329950627,,,
853,,,,1.706079511,2.084446624,2.331542613,,,
854,,,,1.701600822,2.086054267,2.306626262,,,
855,,,,1.691081701,2.085618193,2.303885101,,,
856,,,,1.69079016,2.074025289,2.292601134,,,
857,,,,1.691816284,2.074620699,2.29419312,,,
858,,,,1.675299522,2.076228342,2.291048956,,,
859,,,,1.676888848,2.06138579,2.283027564,,,
860,,,,1.672175887,2.053292816,2.273739919,,,
861,,,,1.659147149,2.050716756,2.272407272,,,
862,,,,1.652097681,2.03359404,2.266151652,,,
863,,,,1.648052866,2.035201683,2.267743638,,,
864,,,,1.645583,2.036809326,2.261519889,,,
865,,,,1.63833916,2.019594481,2.249295156,,,
866,,,,1.620091637,2.010244126,2.244479253,,,
867,,,,1.61485066,2.011085536,2.240658803,,,
868,,,,1.615033439,2.009044538,2.219492986,,,
869,,,,1.595374191,1.995473676,2.221084972,,,
870,,,,1.58978325,1.994777448,2.220753746,,,
871,,,,1.58160452,1.992745182,2.220131082,,,
872,,,,1.580014642,1.973002725,2.211327926,,,
873,,,,1.566962238,1.974610368,2.204055997,,,
874,,,,1.552518491,1.960293384,2.195508348,,,
875,,,,1.550286063,1.959155166,2.192370857,,,
876,,,,1.544631557,1.954263153,2.18347267,,,
877,,,,1.545136353,1.944074118,2.175400462,,,
878,,,,1.531810804,1.935497993,2.164216817,,,
879,,,,1.527528084,1.933890556,2.165808803,,,
880,,,,1.522645268,1.926589859,2.165141319,,,
881,,,,1.512115668,1.91133164,2.153076359,,,
882,,,,1.510141901,1.902508803,2.13942414,,,
883,,,,1.497222494,1.89997379,2.141016126,,,
884,,,,1.483571346,1.888542875,2.126278078,,,
885,,,,1.480535587,1.884907163,2.124549768,,,
886,,,,1.471525967,1.878335667,2.118175753,,,
887,,,,1.463771449,1.87335754,2.119767739,,,
888,,,,1.452843426,1.869546907,2.120516727,,,
889,,,,1.443747697,1.860047803,2.110755482,,,
890,,,,1.435165437,1.861603707,2.098177357,,,
891,,,,1.436754763,1.850955571,2.089371664,,,
892,,,,1.429506449,1.841431264,2.088901793,,,
893,,,,1.41935173,1.83442269,2.084996911,,,
894,,,,1.412413003,1.831682818,2.072442537,,,
895,,,,1.408313177,1.816641224,2.069768128,,,
896,,,,1.400501575,1.80836167,2.068799205,,,
897,,,,1.389411721,1.801360641,2.054640219,,,
898,,,,1.379394335,1.796163786,2.056232205,,,
899,,,,1.37169333,1.782564615,2.051126309,,,
900,,,,1.362539887,1.776843573,2.048098511,,,
901,,,,1.354037876,1.777703345,2.035489992,,,
902,,,,1.339307427,1.769523428,2.035641331,,,
903,,,,1.340896753,1.75811814,2.032335195,,,
904,,,,1.333227956,1.745891589,2.016280936,,,
905,,,,1.323533079,1.741773999,2.013211408,,,
906,,,,1.315178755,1.735205285,2.004685616,,,
907,,,,1.315267889,1.722402745,2.003907575,,,
908,,,,1.30606051,1.724010388,1.990376721,,,
909,,,,1.297007659,1.711243235,1.991269666,,,
910,,,,1.287242846,1.712850878,1.981781113,,,
911,,,,1.283987356,1.707987324,1.980481372,,,
912,,,,1.266481605,1.696849915,1.972369996,,,
913,,,,1.26126129,1.683644009,1.96793078,,,
914,,,,1.254949572,1.682868037,1.959647138,,,
915,,,,1.249683352,1.683058361,1.951132773,,,
916,,,,1.239482493,1.679939421,1.948899187,,,
917,,,,1.235414693,1.673953085,1.947997748,,,
918,,,,1.228391207,1.666606747,1.94326376,,,
919,,,,1.215733734,1.64736329,1.928279955,,,
920,,,,1.210947971,1.643735024,1.918361455,,,
921,,,,1.200636431,1.624962432,1.919953441,,,
922,,,,1.19717792,1.62524767,1.912294566,,,
923,,,,1.184126998,1.621509141,1.90557951,,,
924,,,,1.173714826,1.609521603,1.90362221,,,
925,,,,1.16646412,1.60100779,1.893877939,,,
926,,,,1.166267081,1.602615433,1.885341843,,,
927,,,,1.156632832,1.589689882,1.886073679,,,
928,,,,1.151305597,1.590731251,1.878600075,,,
929,,,,1.130903094,1.579955203,1.870044405,,,
930,,,,1.125878706,1.573260238,1.862227807,,,
931,,,,1.112244592,1.573003244,1.863244277,,,
932,,,,1.110537851,1.559464029,1.851954806,,,
933,,,,1.093126009,1.55502307,1.841366208,,,
934,,,,1.087663821,1.549254893,1.835987886,,,
935,,,,1.084191648,1.536567005,1.825292724,,,
936,,,,1.085780974,1.529682033,1.82688471,,,
937,,,,1.073347422,1.525310503,1.81976623,,,
938,,,,1.062882433,1.516870846,1.817494072,,,
939,,,,1.054094323,1.505058109,1.814970193,,,
940,,,,1.041723122,1.504896332,1.815144912,,,
941,,,,1.032872343,1.493435315,1.804574275,,,
942,,,,1.022636701,1.495042958,1.789984657,,,
943,,,,1.009235958,1.486144183,1.790637405,,,
944,,,,1.00338794,1.471275897,1.785650512,,,
945,,,,0.999927607,1.464257924,1.772641424,,,
946,,,,0.98628968,1.453133181,1.77423341,,,
947,,,,0.981185713,1.447629561,1.769778596,,,
948,,,,0.972843513,1.444520226,1.7587729,,,
949,,,,0.969010124,1.436792612,1.760364886,,,
950,,,,0.954945904,1.431518554,1.759088663,,,
951,,,,0.947374997,1.422654299,1.740784893,,,
952,,,,0.938051005,1.423608484,1.735816495,,,
953,,,,0.92512366,1.408394838,1.727657166,,,
954,,,,0.917373527,1.395602638,1.723251844,,,
955,,,,0.908513976,1.393077392,1.713247539,,,
956,,,,0.896217967,1.380472849,1.705401892,,,
957,,,,0.893799865,1.365959009,1.693572585,,,
958,,,,0.889980014,1.367566652,1.695164571,,,
959,,,,0.87562394,1.369174295,1.688978547,,,
960,,,,0.872506609,1.358254444,1.683307682,,,
961,,,,0.862617602,1.356796252,1.674265773,,,
962,,,,0.859290295,1.352928128,1.666550405,,,
963,,,,0.845396821,1.333448327,1.655649357,,,
964,,,,0.837978599,1.33505597,1.657241343,,,
965,,,,0.829310556,1.329308513,1.652685383,,,
966,,,,0.816819902,1.326143167,1.654009848,,,
967,,,,0.801637217,1.320342455,1.637816181,,,
968,,,,0.79331141,1.31504691,1.632448051,,,
969,,,,0.785514282,1.302163248,1.629596553,,,
970,,,,0.767589144,1.291992873,1.616515142,,,
971,,,,0.769178469,1.293600516,1.618107128,,,
972,,,,0.761610284,1.285479617,1.604996917,,,
973,,,,0.749234737,1.27249214,1.595267278,,,
974,,,,0.744591002,1.274099783,1.58623072,,,
975,,,,0.730795413,1.263995116,1.579520254,,,
976,,,,0.716290114,1.243043572,1.579611302,,,
977,,,,0.706506743,1.244651215,1.572388909,,,
978,,,,0.69521765,1.234855341,1.556372292,,,
979,,,,0.690766585,1.236462984,1.549892636,,,
980,,,,0.675865887,1.236473761,1.543796537,,,
981,,,,0.667114395,1.221400992,1.540136524,,,
982,,,,0.658627089,1.207322375,1.532103381,,,
983,,,,0.655581914,1.208930018,1.517951503,,,
984,,,,0.649994851,1.201893082,1.518704506,,,
985,,,,0.645345474,1.190859483,1.509945386,,,
986,,,,0.632517589,1.191541387,1.500899195,,,
987,,,,0.620821829,1.184436116,1.499722745,,,
988,,,,0.614788345,1.177118252,1.484319864,,,
989,,,,0.608271095,1.168980308,1.48591185,,,
990,,,,0.60986042,1.157698633,1.484012466,,,
991,,,,0.59429346,1.151750378,1.474853685,,,
992,,,,0.585354686,1.147413917,1.463446152,,,
993,,,,0.574307407,1.127292347,1.464129875,,,
994,,,,0.568293184,1.12889999,1.448508712,,,
995,,,,0.552355795,1.12376879,1.445468413,,,
996,,,,0.544226572,1.116615143,1.446804546,,,
997,,,,0.536053375,1.109138381,1.4354231,,,
998,,,,0.524082043,1.100969717,1.426114623,,,
999,,,,0.514448831,1.085858299,1.420405591,,,
1000,,,,0.509532965,1.086409661,1.409462448,,,
1001,,,,0.506672075,1.077538433,1.407190744,,,
1002,,,,0.490788991,1.068938769,1.399593998,,,
1003,,,,0.484330952,1.058245517,1.388829516,,,
1004,,,,0.480525709,1.043790598,1.37433201,,,
1005,,,,0.476244484,1.039869722,1.365429988,,,
1006,,,,0.457970208,1.028387481,1.360429806,,,
1007,,,,0.448627483,1.021974159,1.355121176,,,
1008,,,,0.439361422,1.008340419,1.353723725,,,
1009,,,,0.433072956,0.993400923,1.350555223,,,
1010,,,,0.425520584,0.989632843,1.337009217,,,
1011,,,,0.419556711,0.984127978,1.331302253,,,
1012,,,,0.407447789,0.977862362,1.332021482,,,
1013,,,,0.396427895,0.973166403,1.318810648,,,
1014,,,,0.384946874,0.960182887,1.313422684,,,
1015,,,,0.373117826,0.943670581,1.297911409,,,
1016,,,,0.368780366,0.935864842,1.299503395,,,
1017,,,,0.360159401,0.9301505,1.285051068,,,
1018,,,,0.351575306,0.930969252,1.27175469,,,
1019,,,,0.343680776,0.918517713,1.273290484,,,
1020,,,,0.327110153,0.90933713,1.267641517,,,
1021,,,,0.328694817,0.909294594,1.259155855,,,
1022,,,,0.317915405,0.894995915,1.254225034,,,
1023,,,,0.301481953,0.889428812,1.244585912,,,
1024,,,,0.30020989,0.876560315,1.246177898,,,
1025,,,,0.297217889,0.867698206,1.246401793,,,
1026,,,,0.280759775,0.85585778,1.244861298,,,
1027,,,,0.279458585,0.85339464,1.238558539,,,
1028,,,,0.261789882,0.846105209,1.232770863,,,
1029,,,,0.252294727,0.837079663,1.228362029,,,
1030,,,,0.251006004,0.823677863,1.211754805,,,
1031,,,,0.229617778,0.812667947,1.213346791,,,
1032,,,,0.221910191,0.796006111,1.209968049,,,
1033,,,,0.213893465,0.790098607,1.197015587,,,
1034,,,,0.21548279,0.782709994,1.197298466,,,
1035,,,,0.202923049,0.773197995,1.190455236,,,
1036,,,,0.191779793,0.774805638,1.180607998,,,
1037,,,,0.182342515,0.76345072,1.1761273,,,
1038,,,,0.175644692,0.757673781,1.169672964,,,
1039,,,,0.169873248,0.742066097,1.159438575,,,
1040,,,,0.164950584,0.74367374,1.151535571,,,
1041,,,,0.1528917,0.745281383,1.144406497,,,
1042,,,,0.147258465,0.730967744,1.140188898,,,
1043,,,,0.141432863,0.721241141,1.134305802,,,
1044,,,,0.143022189,0.70930779,1.119339088,,,
1045,,,,,0.710915433,1.119278705,,,
1046,,,,,0.70064302,1.113483331,,,
1047,,,,,0.695157258,1.106455064,,,
1048,,,,,0.68120414,1.09780247,,,
1049,,,,,0.67612908,1.08895336,,,
1050,,,,,0.664933973,1.080372398,,,
1051,,,,,0.657867377,1.077320826,,,
1052,,,,,0.658350063,1.064855549,,,
1053,,,,,0.641279547,1.056053175,,,
1054,,,,,0.628164104,1.055592754,,,
1055,,,,,0.628521208,1.045568684,,,
1056,,,,,0.616544398,1.03712281,,,
1057,,,,,0.613271748,1.025973697,,,
1058,,,,,0.602521286,1.019225845,,,
1059,,,,,0.593583454,1.010085954,,,
1060,,,,,0.584333682,0.993458583,,,
1061,,,,,0.582395101,0.990725243,,,
1062,,,,,0.565398059,0.983316222,,,
1063,,,,,0.566524623,0.97027442,,,
1064,,,,,0.550640636,0.961245514,,,
1065,,,,,0.552248279,0.957598841,,,
1066,,,,,0.532156058,0.946261349,,,
1067,,,,,0.524064191,0.935473259,,,
1068,,,,,0.510177225,0.933394655,,,
1069,,,,,0.493744413,0.926739369,,,
1070,,,,,0.489456127,0.92016354,,,
1071,,,,,0.482763467,0.900556276,,,
1072,,,,,0.466846468,0.902148263,,,
1073,,,,,0.465226806,0.900571952,,,
1074,,,,,0.458748282,0.889978683,,,
1075,,,,,0.450860199,0.878155423,,,
1076,,,,,0.446950227,0.866742533,,,
1077,,,,,0.437911833,0.863886172,,,
1078,,,,,0.42567143,0.853720029,,,
1079,,,,,0.412870743,0.847092997,,,
1080,,,,,0.414478386,0.840931836,,,
1081,,,,,0.402920076,0.830288463,,,
1082,,,,,0.4044396,0.820843985,,,
1083,,,,,0.397218971,0.815708208,,,
1084,,,,,0.38156135,0.80524308,,,
1085,,,,,0.369945184,0.795830605,,,
1086,,,,,0.36262024,0.784469936,,,
1087,,,,,0.364176869,0.783663901,,,
1088,,,,,0.352496346,0.777777358,,,
1089,,,,,0.354103989,0.761576633,,,
1090,,,,,0.341620452,0.754415743,,,
1091,,,,,0.336617205,0.753057984,,,
1092,,,,,0.320615141,0.743165856,,,
1093,,,,,0.316025591,0.739097054,,,
1094,,,,,0.303590976,0.734083879,,,
1095,,,,,0.298485589,0.722463175,,,
1096,,,,,0.292739578,0.714554105,,,
1097,,,,,0.293259141,0.709652574,,,
1098,,,,,0.280345725,0.707811205,,,
1099,,,,,0.269966162,0.705508335,,,
1100,,,,,0.256040207,0.691327858,,,
1101,,,,,0.254484555,0.682319784,,,
1102,,,,,0.250840702,0.68391177,,,
1103,,,,,0.23257578,0.674658117,,,
1104,,,,,0.224097553,0.668001309,,,
1105,,,,,0.223909209,0.651048038,,,
1106,,,,,0.209472153,0.648014593,,,
1107,,,,,0.211079796,0.630803723,,,
1108,,,,,0.204696032,0.631455254,,,
1109,,,,,0.195643193,0.618863975,,,
1110,,,,,0.19031077,0.616347515,,,
1111,,,,,0.180678553,0.603843027,,,
1112,,,,,0.173214153,0.603025265,,,
1113,,,,,0.156450654,0.588282068,,,
1114,,,,,0.158058297,0.588516633,,,
1115,,,,,0.147198738,0.581789781,,,
1116,,,,,0.143383904,0.573060164,,,
1117,,,,,,0.558911653,,,
1118,,,,,,0.549201989,,,
1119,,,,,,0.539774651,,,
1120,,,,,,0.534473282,,,
1121,,,,,,0.519266553,,,
1122,,,,,,0.511989334,,,
1123,,,,,,0.503330704,,,
1124,,,,,,0.50492269,,,
1125,,,,,,0.489131612,,,
1126,,,,,,0.48394047,,,
1127,,,,,,0.475044073,,,
1128,,,,,,0.460185724,,,
1129,,,,,,0.454555415,,,
1130,,,,,,0.446628592,,,
1131,,,,,,0.440029138,,,
1132,,,,,,0.429542013,,,
1133,,,,,,0.424696027,,,
1134,,,,,,0.412239526,,,
1135,,,,,,0.410814068,,,
1136,,,,,,0.402230114,,,
1137,,,,,,0.395829332,,,
1138,,,,,,0.385388544,,,
1139,,,,,,0.37026325,,,
1140,,,,,,0.371855236,,,
1141,,,,,,0.360661839,,,
1142,,,,,,0.360179599,,,
1143,,,,,,0.34330747,,,
1144,,,,,,0.341915469,,,
1145,,,,,,0.336429569,,,
1146,,,,,,0.328037154,,,
1147,,,,,,0.317818482,,,
1148,,,,,,0.317263239,,,
1149,,,,,,0.305726678,,,
1150,,,,,,0.298524394,,,
1151,,,,,,0.291277943,,,
1152,,,,,,0.280374956,,,
1153,,,,,,0.277994883,,,
1154,,,,,,0.271919058,,,
1155,,,,,,0.26395818,,,
1156,,,,,,0.254205301,,,
1157,,,,,,0.251790605,,,
1158,,,,,,0.239797311,,,
1159,,,,,,0.236142544,,,
1160,,,,,,0.230739075,,,
1161,,,,,,0.226372192,,,
1162,,,,,,0.220187749,,,
1163,,,,,,0.214707118,,,
1164,,,,,,0.199071671,,,
1165,,,,,,0.199985526,,,
1166,,,,,,0.18531509,,,
1167,,,,,,0.186321329,,,
1168,,,,,,0.181347784,,,
1169,,,,,,0.176030402,,,
1170,,,,,,0.173718091,,,
1171,,,,,,0.163091988,,,
1172,,,,,,0.157407753,,,
1173,,,,,,0.15309974,,,
1174,,,,,,0.154691726,,,
